entity_type,entity_id,entity_label,domain_slug,domain_label,domain_axis,domain_head_score_v1,domain_rank_v1,domain_score_status,domain_coverage_weight_fraction,domain_available_head_count,domain_total_head_count,domain_pending_heads,domain_missing_heads,heuristic_score_v0,heuristic_rank_v0,heuristic_stable_v0,warning_count,warning_severity,human_support_score,human_support_score_status,biology_context_score,biology_context_score_status,intervention_readiness_score,intervention_readiness_score_status,failure_burden_score,failure_burden_score_status,directionality_confidence,directionality_confidence_status,subgroup_resolution_score,subgroup_resolution_score_status
gene,ENSG00000099381,SETD1A,acute_positive_symptoms,Acute positive symptoms,outcome_domain,0.510435,1,available,1.0,5,5,,,0.423842,2,True,2,low,0.867278,partial,0.326935,available,0.338336,available,1.0,available,0.25,available,0.3,available
gene,ENSG00000149295,DRD2,acute_positive_symptoms,Acute positive symptoms,outcome_domain,0.468208,2,available,1.0,5,5,,,0.360249,5,True,1,high,0.03125,available,0.375417,available,0.890623,available,0.55,available,0.7,available,0.9,available
gene,ENSG00000183454,GRIN2A,acute_positive_symptoms,Acute positive symptoms,outcome_domain,0.455621,3,available,1.0,5,5,,,0.474147,1,True,0,none,0.308685,available,0.510696,available,0.684806,available,1.0,available,0.25,available,0.3,available
gene,ENSG00000198822,GRM3,acute_positive_symptoms,Acute positive symptoms,outcome_domain,0.363989,4,available,1.0,5,5,,,0.326635,8,True,0,none,0.03125,available,0.44644,available,0.645877,available,0.55,available,0.25,available,0.9,available
gene,ENSG00000117020,AKT3,acute_positive_symptoms,Acute positive symptoms,outcome_domain,0.360141,5,available,1.0,5,5,,,0.366324,4,True,0,none,0.220894,available,0.396719,available,0.544947,available,1.0,available,0.25,available,0.3,available
gene,ENSG00000180720,CHRM4,acute_positive_symptoms,Acute positive symptoms,outcome_domain,0.35604,6,partial,0.8,4,5,,biology_context_score,,,False,3,high,0.008879,partial,,missing_inputs,0.689081,available,0.55,available,0.5,available,0.5,available
gene,ENSG00000140564,FURIN,acute_positive_symptoms,Acute positive symptoms,outcome_domain,0.330203,7,available,1.0,5,5,,,0.354425,6,True,0,none,0.318209,available,0.402486,available,0.327776,available,1.0,available,0.25,available,0.3,available
gene,ENSG00000157103,SLC6A1,acute_positive_symptoms,Acute positive symptoms,outcome_domain,0.300684,8,available,1.0,5,5,,,0.385576,3,True,1,low,0.002567,partial,0.411693,available,0.541489,available,1.0,available,0.4,available,0.3,available
gene,ENSG00000065609,SNAP91,acute_positive_symptoms,Acute positive symptoms,outcome_domain,0.284256,9,available,1.0,5,5,,,0.279302,12,True,0,none,0.3125,available,0.385754,available,0.192433,available,1.0,available,0.25,available,0.3,available
gene,ENSG00000151067,CACNA1C,acute_positive_symptoms,Acute positive symptoms,outcome_domain,0.279946,10,available,1.0,5,5,,,0.270013,13,True,0,none,0.11584,available,0.386345,available,0.407111,available,1.0,available,0.25,available,0.3,available
gene,ENSG00000109572,CLCN3,acute_positive_symptoms,Acute positive symptoms,outcome_domain,0.27473,11,available,1.0,5,5,,,0.262882,14,True,0,none,0.250815,available,0.302715,available,0.288005,available,1.0,available,0.25,available,0.3,available
gene,ENSG00000155511,GRIA1,acute_positive_symptoms,Acute positive symptoms,outcome_domain,0.272428,12,available,1.0,5,5,,,0.335059,7,True,1,low,0.005037,partial,0.389211,available,0.509411,available,1.0,available,0.25,available,0.3,available
gene,ENSG00000105866,SP4,acute_positive_symptoms,Acute positive symptoms,outcome_domain,0.25435,13,available,1.0,5,5,,,0.237035,16,True,0,none,0.329523,available,0.263064,available,0.154679,available,1.0,available,0.25,available,0.3,available
gene,ENSG00000170396,ZNF804A,acute_positive_symptoms,Acute positive symptoms,outcome_domain,0.249479,14,available,1.0,5,5,,,0.238457,15,True,0,none,0.187622,available,0.408519,available,0.207026,available,1.0,available,0.25,available,0.3,available
gene,ENSG00000138821,SLC39A8,acute_positive_symptoms,Acute positive symptoms,outcome_domain,0.241104,15,available,1.0,5,5,,,0.204129,21,False,0,none,0.126291,available,0.384032,available,0.216986,available,1.0,available,0.4,available,0.3,available
gene,ENSG00000168959,GRM5,acute_positive_symptoms,Acute positive symptoms,outcome_domain,0.238696,16,available,1.0,5,5,,,0.317031,9,True,1,low,0.007104,partial,0.289061,available,0.461324,available,1.0,available,0.25,available,0.3,available
gene,ENSG00000164588,HCN1,acute_positive_symptoms,Acute positive symptoms,outcome_domain,0.23303,17,available,1.0,5,5,,,0.220567,18,True,0,none,0.03286,available,0.402828,available,0.336543,available,1.0,available,0.25,available,0.3,available
gene,ENSG00000183117,CSMD1,acute_positive_symptoms,Acute positive symptoms,outcome_domain,0.213398,18,available,1.0,5,5,,,0.197032,23,False,1,medium,0.09432,available,0.39826,available,0.202447,available,1.0,available,0.25,available,0.3,available
gene,ENSG00000167978,SRRM2,acute_positive_symptoms,Acute positive symptoms,outcome_domain,0.211256,19,available,1.0,5,5,,,0.280036,10,True,2,low,0.171777,partial,0.389063,available,0.111072,available,1.0,available,0.25,available,0.3,available
gene,ENSG00000179915,NRXN1,acute_positive_symptoms,Acute positive symptoms,outcome_domain,0.206431,20,available,1.0,5,5,,,0.221696,17,True,1,low,0.054791,partial,0.415997,available,0.213516,available,1.0,available,0.25,available,0.3,available
gene,ENSG00000165995,CACNB2,acute_positive_symptoms,Acute positive symptoms,outcome_domain,0.198931,21,available,1.0,5,5,,,0.218248,19,True,0,none,0.03125,available,0.452663,available,0.191537,available,1.0,available,0.25,available,0.3,available
gene,ENSG00000196628,TCF4,acute_positive_symptoms,Acute positive symptoms,outcome_domain,0.197817,22,available,1.0,5,5,,,0.197845,22,False,1,low,0.0,partial,0.300204,available,0.325919,available,1.0,available,0.25,available,0.3,available
gene,ENSG00000145864,GABRB2,acute_positive_symptoms,Acute positive symptoms,outcome_domain,0.17632,23,available,1.0,5,5,,,0.279768,11,True,1,low,0.008593,partial,0.481826,available,0.123159,available,1.0,available,0.25,available,0.3,available
gene,ENSG00000189056,RELN,acute_positive_symptoms,Acute positive symptoms,outcome_domain,0.136353,24,available,1.0,5,5,,,0.206138,20,True,1,low,0.007896,partial,0.408328,available,0.039747,available,1.0,available,0.25,available,0.3,available
gene,ENSG00000150672,DLG2,acute_positive_symptoms,Acute positive symptoms,outcome_domain,0.089719,25,available,1.0,5,5,,,0.120093,24,False,1,low,0.0,partial,0.240187,available,0.005606,available,1.0,available,0.25,available,0.3,available
gene,ENSG00000244731,C4A,acute_positive_symptoms,Acute positive symptoms,outcome_domain,0.039238,26,partial,0.8,4,5,,biology_context_score,,,False,3,high,0.0,partial,,missing_inputs,0.0213,available,1.0,available,0.25,available,0.0,available
gene,ENSG00000183454,GRIN2A,relapse_prevention,Relapse prevention,outcome_domain,0.517442,1,available,1.0,6,6,,,0.474147,1,True,0,none,0.308685,available,0.510696,available,0.684806,available,1.0,available,0.25,available,0.3,available
gene,ENSG00000149295,DRD2,relapse_prevention,Relapse prevention,outcome_domain,0.500771,2,available,1.0,6,6,,,0.360249,5,True,1,high,0.03125,available,0.375417,available,0.890623,available,1.0,available,0.7,available,0.3,available
gene,ENSG00000099381,SETD1A,relapse_prevention,Relapse prevention,outcome_domain,0.49555,3,available,1.0,6,6,,,0.423842,2,True,2,low,0.867278,partial,0.326935,available,0.338336,available,1.0,available,0.25,available,0.3,available
gene,ENSG00000180720,CHRM4,relapse_prevention,Relapse prevention,outcome_domain,0.445526,4,partial,0.65,5,6,,biology_context_score,,,False,3,high,0.008879,partial,,missing_inputs,0.689081,available,1.0,available,0.5,available,0.0,available
gene,ENSG00000117020,AKT3,relapse_prevention,Relapse prevention,outcome_domain,0.43202,5,available,1.0,6,6,,,0.366324,4,True,0,none,0.220894,available,0.396719,available,0.544947,available,1.0,available,0.25,available,0.3,available
gene,ENSG00000198822,GRM3,relapse_prevention,Relapse prevention,outcome_domain,0.431679,6,available,1.0,6,6,,,0.326635,8,True,0,none,0.03125,available,0.44644,available,0.645877,available,1.0,available,0.25,available,0.3,available
gene,ENSG00000140564,FURIN,relapse_prevention,Relapse prevention,outcome_domain,0.410067,7,available,1.0,6,6,,,0.354425,6,True,0,none,0.318209,available,0.402486,available,0.327776,available,1.0,available,0.25,available,0.3,available
gene,ENSG00000157103,SLC6A1,relapse_prevention,Relapse prevention,outcome_domain,0.407904,8,available,1.0,6,6,,,0.385576,3,True,1,low,0.002567,partial,0.411693,available,0.541489,available,1.0,available,0.4,available,0.3,available
gene,ENSG00000151067,CACNA1C,relapse_prevention,Relapse prevention,outcome_domain,0.379811,9,available,1.0,6,6,,,0.270013,13,True,0,none,0.11584,available,0.386345,available,0.407111,available,1.0,available,0.25,available,0.3,available
gene,ENSG00000155511,GRIA1,relapse_prevention,Relapse prevention,outcome_domain,0.379113,10,available,1.0,6,6,,,0.335059,7,True,1,low,0.005037,partial,0.389211,available,0.509411,available,1.0,available,0.25,available,0.3,available
gene,ENSG00000065609,SNAP91,relapse_prevention,Relapse prevention,outcome_domain,0.376001,11,available,1.0,6,6,,,0.279302,12,True,0,none,0.3125,available,0.385754,available,0.192433,available,1.0,available,0.25,available,0.3,available
gene,ENSG00000170396,ZNF804A,relapse_prevention,Relapse prevention,outcome_domain,0.361911,12,available,1.0,6,6,,,0.238457,15,True,0,none,0.187622,available,0.408519,available,0.207026,available,1.0,available,0.25,available,0.3,available
gene,ENSG00000138821,SLC39A8,relapse_prevention,Relapse prevention,outcome_domain,0.358067,13,available,1.0,6,6,,,0.204129,21,False,0,none,0.126291,available,0.384032,available,0.216986,available,1.0,available,0.4,available,0.3,available
gene,ENSG00000164588,HCN1,relapse_prevention,Relapse prevention,outcome_domain,0.35487,14,available,1.0,6,6,,,0.220567,18,True,0,none,0.03286,available,0.402828,available,0.336543,available,1.0,available,0.25,available,0.3,available
gene,ENSG00000109572,CLCN3,relapse_prevention,Relapse prevention,outcome_domain,0.353714,15,available,1.0,6,6,,,0.262882,14,True,0,none,0.250815,available,0.302715,available,0.288005,available,1.0,available,0.25,available,0.3,available
gene,ENSG00000165995,CACNB2,relapse_prevention,Relapse prevention,outcome_domain,0.342989,16,available,1.0,6,6,,,0.218248,19,True,0,none,0.03125,available,0.452663,available,0.191537,available,1.0,available,0.25,available,0.3,available
gene,ENSG00000179915,NRXN1,relapse_prevention,Relapse prevention,outcome_domain,0.33926,17,available,1.0,6,6,,,0.221696,17,True,1,low,0.054791,partial,0.415997,available,0.213516,available,1.0,available,0.25,available,0.3,available
gene,ENSG00000183117,CSMD1,relapse_prevention,Relapse prevention,outcome_domain,0.338744,18,available,1.0,6,6,,,0.197032,23,False,1,medium,0.09432,available,0.39826,available,0.202447,available,1.0,available,0.25,available,0.3,available
gene,ENSG00000145864,GABRB2,relapse_prevention,Relapse prevention,outcome_domain,0.334989,19,available,1.0,6,6,,,0.279768,11,True,1,low,0.008593,partial,0.481826,available,0.123159,available,1.0,available,0.25,available,0.3,available
gene,ENSG00000168959,GRM5,relapse_prevention,Relapse prevention,outcome_domain,0.334857,20,available,1.0,6,6,,,0.317031,9,True,1,low,0.007104,partial,0.289061,available,0.461324,available,1.0,available,0.25,available,0.3,available
gene,ENSG00000167978,SRRM2,relapse_prevention,Relapse prevention,outcome_domain,0.332742,21,available,1.0,6,6,,,0.280036,10,True,2,low,0.171777,partial,0.389063,available,0.111072,available,1.0,available,0.25,available,0.3,available
gene,ENSG00000105866,SP4,relapse_prevention,Relapse prevention,outcome_domain,0.328913,22,available,1.0,6,6,,,0.237035,16,True,0,none,0.329523,available,0.263064,available,0.154679,available,1.0,available,0.25,available,0.3,available
gene,ENSG00000196628,TCF4,relapse_prevention,Relapse prevention,outcome_domain,0.310255,23,available,1.0,6,6,,,0.197845,22,False,1,low,0.0,partial,0.300204,available,0.325919,available,1.0,available,0.25,available,0.3,available
gene,ENSG00000189056,RELN,relapse_prevention,Relapse prevention,outcome_domain,0.292443,24,available,1.0,6,6,,,0.206138,20,True,1,low,0.007896,partial,0.408328,available,0.039747,available,1.0,available,0.25,available,0.3,available
gene,ENSG00000150672,DLG2,relapse_prevention,Relapse prevention,outcome_domain,0.225187,25,available,1.0,6,6,,,0.120093,24,False,1,low,0.0,partial,0.240187,available,0.005606,available,1.0,available,0.25,available,0.3,available
gene,ENSG00000244731,C4A,relapse_prevention,Relapse prevention,outcome_domain,0.198862,26,partial,0.65,5,6,,biology_context_score,,,False,3,high,0.0,partial,,missing_inputs,0.0213,available,1.0,available,0.25,available,0.0,available
gene,ENSG00000099381,SETD1A,treatment_resistant_schizophrenia,Treatment-resistant schizophrenia,population_or_stage,0.552957,1,available,1.0,6,6,,,0.423842,2,True,2,low,0.867278,partial,0.326935,available,0.338336,available,1.0,available,0.25,available,0.3,available
gene,ENSG00000183454,GRIN2A,treatment_resistant_schizophrenia,Treatment-resistant schizophrenia,population_or_stage,0.502031,2,available,1.0,6,6,,,0.474147,1,True,0,none,0.308685,available,0.510696,available,0.684806,available,1.0,available,0.25,available,0.3,available
gene,ENSG00000149295,DRD2,treatment_resistant_schizophrenia,Treatment-resistant schizophrenia,population_or_stage,0.488989,3,available,1.0,6,6,,,0.360249,5,True,1,high,0.03125,available,0.375417,available,0.890623,available,0.55,available,0.7,available,0.8,available
gene,ENSG00000117020,AKT3,treatment_resistant_schizophrenia,Treatment-resistant schizophrenia,population_or_stage,0.436309,4,available,1.0,6,6,,,0.366324,4,True,0,none,0.220894,available,0.396719,available,0.544947,available,1.0,available,0.25,available,0.3,available
gene,ENSG00000140564,FURIN,treatment_resistant_schizophrenia,Treatment-resistant schizophrenia,population_or_stage,0.429216,5,available,1.0,6,6,,,0.354425,6,True,0,none,0.318209,available,0.402486,available,0.327776,available,1.0,available,0.25,available,0.3,available
gene,ENSG00000198822,GRM3,treatment_resistant_schizophrenia,Treatment-resistant schizophrenia,population_or_stage,0.413982,6,available,1.0,6,6,,,0.326635,8,True,0,none,0.03125,available,0.44644,available,0.645877,available,1.0,available,0.25,available,0.3,available
gene,ENSG00000065609,SNAP91,treatment_resistant_schizophrenia,Treatment-resistant schizophrenia,population_or_stage,0.404141,7,available,1.0,6,6,,,0.279302,12,True,0,none,0.3125,available,0.385754,available,0.192433,available,1.0,available,0.25,available,0.3,available
gene,ENSG00000157103,SLC6A1,treatment_resistant_schizophrenia,Treatment-resistant schizophrenia,population_or_stage,0.399204,8,available,1.0,6,6,,,0.385576,3,True,1,low,0.002567,partial,0.411693,available,0.541489,available,1.0,available,0.4,available,0.3,available
gene,ENSG00000151067,CACNA1C,treatment_resistant_schizophrenia,Treatment-resistant schizophrenia,population_or_stage,0.387296,9,available,1.0,6,6,,,0.270013,13,True,0,none,0.11584,available,0.386345,available,0.407111,available,1.0,available,0.25,available,0.3,available
gene,ENSG00000109572,CLCN3,treatment_resistant_schizophrenia,Treatment-resistant schizophrenia,population_or_stage,0.386447,10,available,1.0,6,6,,,0.262882,14,True,0,none,0.250815,available,0.302715,available,0.288005,available,1.0,available,0.25,available,0.3,available
gene,ENSG00000180720,CHRM4,treatment_resistant_schizophrenia,Treatment-resistant schizophrenia,population_or_stage,0.381977,11,partial,0.8,5,6,,biology_context_score,,,False,3,high,0.008879,partial,,missing_inputs,0.689081,available,1.0,available,0.5,available,0.0,available
gene,ENSG00000170396,ZNF804A,treatment_resistant_schizophrenia,Treatment-resistant schizophrenia,population_or_stage,0.379663,12,available,1.0,6,6,,,0.238457,15,True,0,none,0.187622,available,0.408519,available,0.207026,available,1.0,available,0.25,available,0.3,available
gene,ENSG00000105866,SP4,treatment_resistant_schizophrenia,Treatment-resistant schizophrenia,population_or_stage,0.378195,13,available,1.0,6,6,,,0.237035,16,True,0,none,0.329523,available,0.263064,available,0.154679,available,1.0,available,0.25,available,0.3,available
gene,ENSG00000138821,SLC39A8,treatment_resistant_schizophrenia,Treatment-resistant schizophrenia,population_or_stage,0.375927,14,available,1.0,6,6,,,0.204129,21,False,0,none,0.126291,available,0.384032,available,0.216986,available,1.0,available,0.4,available,0.3,available
gene,ENSG00000155511,GRIA1,treatment_resistant_schizophrenia,Treatment-resistant schizophrenia,population_or_stage,0.375513,15,available,1.0,6,6,,,0.335059,7,True,1,low,0.005037,partial,0.389211,available,0.509411,available,1.0,available,0.25,available,0.3,available
gene,ENSG00000164588,HCN1,treatment_resistant_schizophrenia,Treatment-resistant schizophrenia,population_or_stage,0.359262,16,available,1.0,6,6,,,0.220567,18,True,0,none,0.03286,available,0.402828,available,0.336543,available,1.0,available,0.25,available,0.3,available
gene,ENSG00000167978,SRRM2,treatment_resistant_schizophrenia,Treatment-resistant schizophrenia,population_or_stage,0.357418,17,available,1.0,6,6,,,0.280036,10,True,2,low,0.171777,partial,0.389063,available,0.111072,available,1.0,available,0.25,available,0.3,available
gene,ENSG00000183117,CSMD1,treatment_resistant_schizophrenia,Treatment-resistant schizophrenia,population_or_stage,0.353599,18,available,1.0,6,6,,,0.197032,23,False,1,medium,0.09432,available,0.39826,available,0.202447,available,1.0,available,0.25,available,0.3,available
gene,ENSG00000179915,NRXN1,treatment_resistant_schizophrenia,Treatment-resistant schizophrenia,population_or_stage,0.348925,19,available,1.0,6,6,,,0.221696,17,True,1,low,0.054791,partial,0.415997,available,0.213516,available,1.0,available,0.25,available,0.3,available
gene,ENSG00000168959,GRM5,treatment_resistant_schizophrenia,Treatment-resistant schizophrenia,population_or_stage,0.348787,20,available,1.0,6,6,,,0.317031,9,True,1,low,0.007104,partial,0.289061,available,0.461324,available,1.0,available,0.25,available,0.3,available
gene,ENSG00000165995,CACNB2,treatment_resistant_schizophrenia,Treatment-resistant schizophrenia,population_or_stage,0.347076,21,available,1.0,6,6,,,0.218248,19,True,0,none,0.03125,available,0.452663,available,0.191537,available,1.0,available,0.25,available,0.3,available
gene,ENSG00000145864,GABRB2,treatment_resistant_schizophrenia,Treatment-resistant schizophrenia,population_or_stage,0.336987,22,available,1.0,6,6,,,0.279768,11,True,1,low,0.008593,partial,0.481826,available,0.123159,available,1.0,available,0.25,available,0.3,available
gene,ENSG00000196628,TCF4,treatment_resistant_schizophrenia,Treatment-resistant schizophrenia,population_or_stage,0.328929,23,available,1.0,6,6,,,0.197845,22,False,1,low,0.0,partial,0.300204,available,0.325919,available,1.0,available,0.25,available,0.3,available
gene,ENSG00000189056,RELN,treatment_resistant_schizophrenia,Treatment-resistant schizophrenia,population_or_stage,0.309602,24,available,1.0,6,6,,,0.206138,20,True,1,low,0.007896,partial,0.408328,available,0.039747,available,1.0,available,0.25,available,0.3,available
gene,ENSG00000150672,DLG2,treatment_resistant_schizophrenia,Treatment-resistant schizophrenia,population_or_stage,0.268878,25,available,1.0,6,6,,,0.120093,24,False,1,low,0.0,partial,0.240187,available,0.005606,available,1.0,available,0.25,available,0.3,available
gene,ENSG00000244731,C4A,treatment_resistant_schizophrenia,Treatment-resistant schizophrenia,population_or_stage,0.222744,26,partial,0.8,5,6,,biology_context_score,,,False,3,high,0.0,partial,,missing_inputs,0.0213,available,1.0,available,0.25,available,0.0,available
gene,ENSG00000099381,SETD1A,clozapine_resistant_schizophrenia,Clozapine-resistant schizophrenia,population_or_stage,0.557676,1,available,1.0,6,6,,,0.423842,2,True,2,low,0.867278,partial,0.326935,available,0.338336,available,1.0,available,0.25,available,0.3,available
gene,ENSG00000183454,GRIN2A,clozapine_resistant_schizophrenia,Clozapine-resistant schizophrenia,population_or_stage,0.517357,2,available,1.0,6,6,,,0.474147,1,True,0,none,0.308685,available,0.510696,available,0.684806,available,1.0,available,0.25,available,0.3,available
gene,ENSG00000149295,DRD2,clozapine_resistant_schizophrenia,Clozapine-resistant schizophrenia,population_or_stage,0.500396,3,available,1.0,6,6,,,0.360249,5,True,1,high,0.03125,available,0.375417,available,0.890623,available,1.0,available,0.7,available,0.3,available
gene,ENSG00000117020,AKT3,clozapine_resistant_schizophrenia,Clozapine-resistant schizophrenia,population_or_stage,0.463017,4,available,1.0,6,6,,,0.366324,4,True,0,none,0.220894,available,0.396719,available,0.544947,available,1.0,available,0.25,available,0.3,available
gene,ENSG00000140564,FURIN,clozapine_resistant_schizophrenia,Clozapine-resistant schizophrenia,population_or_stage,0.461917,5,available,1.0,6,6,,,0.354425,6,True,0,none,0.318209,available,0.402486,available,0.327776,available,1.0,available,0.25,available,0.3,available
gene,ENSG00000198822,GRM3,clozapine_resistant_schizophrenia,Clozapine-resistant schizophrenia,population_or_stage,0.445126,6,available,1.0,6,6,,,0.326635,8,True,0,none,0.03125,available,0.44644,available,0.645877,available,1.0,available,0.25,available,0.3,available
gene,ENSG00000065609,SNAP91,clozapine_resistant_schizophrenia,Clozapine-resistant schizophrenia,population_or_stage,0.443894,7,available,1.0,6,6,,,0.279302,12,True,0,none,0.3125,available,0.385754,available,0.192433,available,1.0,available,0.25,available,0.3,available
gene,ENSG00000157103,SLC6A1,clozapine_resistant_schizophrenia,Clozapine-resistant schizophrenia,population_or_stage,0.437001,8,available,1.0,6,6,,,0.385576,3,True,1,low,0.002567,partial,0.411693,available,0.541489,available,1.0,available,0.4,available,0.3,available
gene,ENSG00000151067,CACNA1C,clozapine_resistant_schizophrenia,Clozapine-resistant schizophrenia,population_or_stage,0.426148,9,available,1.0,6,6,,,0.270013,13,True,0,none,0.11584,available,0.386345,available,0.407111,available,1.0,available,0.25,available,0.3,available
gene,ENSG00000170396,ZNF804A,clozapine_resistant_schizophrenia,Clozapine-resistant schizophrenia,population_or_stage,0.424931,10,available,1.0,6,6,,,0.238457,15,True,0,none,0.187622,available,0.408519,available,0.207026,available,1.0,available,0.25,available,0.3,available
gene,ENSG00000109572,CLCN3,clozapine_resistant_schizophrenia,Clozapine-resistant schizophrenia,population_or_stage,0.424507,11,available,1.0,6,6,,,0.262882,14,True,0,none,0.250815,available,0.302715,available,0.288005,available,1.0,available,0.25,available,0.3,available
gene,ENSG00000138821,SLC39A8,clozapine_resistant_schizophrenia,Clozapine-resistant schizophrenia,population_or_stage,0.423763,12,available,1.0,6,6,,,0.204129,21,False,0,none,0.126291,available,0.384032,available,0.216986,available,1.0,available,0.4,available,0.3,available
gene,ENSG00000105866,SP4,clozapine_resistant_schizophrenia,Clozapine-resistant schizophrenia,population_or_stage,0.418985,13,available,1.0,6,6,,,0.237035,16,True,0,none,0.329523,available,0.263064,available,0.154679,available,1.0,available,0.25,available,0.3,available
gene,ENSG00000155511,GRIA1,clozapine_resistant_schizophrenia,Clozapine-resistant schizophrenia,population_or_stage,0.414791,14,available,1.0,6,6,,,0.335059,7,True,1,low,0.005037,partial,0.389211,available,0.509411,available,1.0,available,0.25,available,0.3,available
gene,ENSG00000167978,SRRM2,clozapine_resistant_schizophrenia,Clozapine-resistant schizophrenia,population_or_stage,0.408275,15,available,1.0,6,6,,,0.280036,10,True,2,low,0.171777,partial,0.389063,available,0.111072,available,1.0,available,0.25,available,0.3,available
gene,ENSG00000164588,HCN1,clozapine_resistant_schizophrenia,Clozapine-resistant schizophrenia,population_or_stage,0.405792,16,available,1.0,6,6,,,0.220567,18,True,0,none,0.03286,available,0.402828,available,0.336543,available,1.0,available,0.25,available,0.3,available
gene,ENSG00000183117,CSMD1,clozapine_resistant_schizophrenia,Clozapine-resistant schizophrenia,population_or_stage,0.403761,17,available,1.0,6,6,,,0.197032,23,False,1,medium,0.09432,available,0.39826,available,0.202447,available,1.0,available,0.25,available,0.3,available
gene,ENSG00000165995,CACNB2,clozapine_resistant_schizophrenia,Clozapine-resistant schizophrenia,population_or_stage,0.400936,18,available,1.0,6,6,,,0.218248,19,True,0,none,0.03125,available,0.452663,available,0.191537,available,1.0,available,0.25,available,0.3,available
gene,ENSG00000180720,CHRM4,clozapine_resistant_schizophrenia,Clozapine-resistant schizophrenia,population_or_stage,0.400855,19,partial,0.8,5,6,,biology_context_score,,,False,3,high,0.008879,partial,,missing_inputs,0.689081,available,1.0,available,0.5,available,0.0,available
gene,ENSG00000179915,NRXN1,clozapine_resistant_schizophrenia,Clozapine-resistant schizophrenia,population_or_stage,0.400509,20,available,1.0,6,6,,,0.221696,17,True,1,low,0.054791,partial,0.415997,available,0.213516,available,1.0,available,0.25,available,0.3,available
gene,ENSG00000145864,GABRB2,clozapine_resistant_schizophrenia,Clozapine-resistant schizophrenia,population_or_stage,0.3954,21,available,1.0,6,6,,,0.279768,11,True,1,low,0.008593,partial,0.481826,available,0.123159,available,1.0,available,0.25,available,0.3,available
gene,ENSG00000168959,GRM5,clozapine_resistant_schizophrenia,Clozapine-resistant schizophrenia,population_or_stage,0.390365,22,available,1.0,6,6,,,0.317031,9,True,1,low,0.007104,partial,0.289061,available,0.461324,available,1.0,available,0.25,available,0.3,available
gene,ENSG00000196628,TCF4,clozapine_resistant_schizophrenia,Clozapine-resistant schizophrenia,population_or_stage,0.377633,23,available,1.0,6,6,,,0.197845,22,False,1,low,0.0,partial,0.300204,available,0.325919,available,1.0,available,0.25,available,0.3,available
gene,ENSG00000189056,RELN,clozapine_resistant_schizophrenia,Clozapine-resistant schizophrenia,population_or_stage,0.37222,24,available,1.0,6,6,,,0.206138,20,True,1,low,0.007896,partial,0.408328,available,0.039747,available,1.0,available,0.25,available,0.3,available
gene,ENSG00000150672,DLG2,clozapine_resistant_schizophrenia,Clozapine-resistant schizophrenia,population_or_stage,0.333598,25,available,1.0,6,6,,,0.120093,24,False,1,low,0.0,partial,0.240187,available,0.005606,available,1.0,available,0.25,available,0.3,available
gene,ENSG00000244731,C4A,clozapine_resistant_schizophrenia,Clozapine-resistant schizophrenia,population_or_stage,0.283912,26,partial,0.8,5,6,,biology_context_score,,,False,3,high,0.0,partial,,missing_inputs,0.0213,available,1.0,available,0.25,available,0.0,available
gene,ENSG00000183454,GRIN2A,negative_symptoms,Negative symptoms,outcome_domain,0.427097,1,available,1.0,5,5,,,0.474147,1,True,0,none,0.308685,available,0.510696,available,0.684806,available,1.0,available,0.25,available,0.3,available
gene,ENSG00000149295,DRD2,negative_symptoms,Negative symptoms,outcome_domain,0.412687,2,available,1.0,5,5,,,0.360249,5,True,1,high,0.03125,available,0.375417,available,0.890623,available,0.55,available,0.7,available,0.3,available
gene,ENSG00000099381,SETD1A,negative_symptoms,Negative symptoms,outcome_domain,0.393546,3,available,1.0,5,5,,,0.423842,2,True,2,low,0.867278,partial,0.326935,available,0.338336,available,1.0,available,0.25,available,0.3,available
gene,ENSG00000198822,GRM3,negative_symptoms,Negative symptoms,outcome_domain,0.352673,4,available,1.0,5,5,,,0.326635,8,True,0,none,0.03125,available,0.44644,available,0.645877,available,0.55,available,0.25,available,0.3,available
gene,ENSG00000117020,AKT3,negative_symptoms,Negative symptoms,outcome_domain,0.348652,5,available,1.0,5,5,,,0.366324,4,True,0,none,0.220894,available,0.396719,available,0.544947,available,1.0,available,0.25,available,0.3,available
gene,ENSG00000157103,SLC6A1,negative_symptoms,Negative symptoms,outcome_domain,0.344796,6,available,1.0,5,5,,,0.385576,3,True,1,low,0.002567,partial,0.411693,available,0.541489,available,1.0,available,0.4,available,0.3,available
gene,ENSG00000140564,FURIN,negative_symptoms,Negative symptoms,outcome_domain,0.344128,7,available,1.0,5,5,,,0.354425,6,True,0,none,0.318209,available,0.402486,available,0.327776,available,1.0,available,0.25,available,0.3,available
gene,ENSG00000065609,SNAP91,negative_symptoms,Negative symptoms,outcome_domain,0.322208,8,available,1.0,5,5,,,0.279302,12,True,0,none,0.3125,available,0.385754,available,0.192433,available,1.0,available,0.25,available,0.3,available
gene,ENSG00000138821,SLC39A8,negative_symptoms,Negative symptoms,outcome_domain,0.318457,9,available,1.0,5,5,,,0.204129,21,False,0,none,0.126291,available,0.384032,available,0.216986,available,1.0,available,0.4,available,0.3,available
gene,ENSG00000170396,ZNF804A,negative_symptoms,Negative symptoms,outcome_domain,0.315179,10,available,1.0,5,5,,,0.238457,15,True,0,none,0.187622,available,0.408519,available,0.207026,available,1.0,available,0.25,available,0.3,available
gene,ENSG00000151067,CACNA1C,negative_symptoms,Negative symptoms,outcome_domain,0.314442,11,available,1.0,5,5,,,0.270013,13,True,0,none,0.11584,available,0.386345,available,0.407111,available,1.0,available,0.25,available,0.3,available
gene,ENSG00000145864,GABRB2,negative_symptoms,Negative symptoms,outcome_domain,0.312927,12,available,1.0,5,5,,,0.279768,11,True,1,low,0.008593,partial,0.481826,available,0.123159,available,1.0,available,0.25,available,0.3,available
gene,ENSG00000165995,CACNB2,negative_symptoms,Negative symptoms,outcome_domain,0.31004,13,available,1.0,5,5,,,0.218248,19,True,0,none,0.03125,available,0.452663,available,0.191537,available,1.0,available,0.25,available,0.3,available
gene,ENSG00000155511,GRIA1,negative_symptoms,Negative symptoms,outcome_domain,0.309342,14,available,1.0,5,5,,,0.335059,7,True,1,low,0.005037,partial,0.389211,available,0.509411,available,1.0,available,0.25,available,0.3,available
gene,ENSG00000164588,HCN1,negative_symptoms,Negative symptoms,outcome_domain,0.302356,15,available,1.0,5,5,,,0.220567,18,True,0,none,0.03286,available,0.402828,available,0.336543,available,1.0,available,0.25,available,0.3,available
gene,ENSG00000179915,NRXN1,negative_symptoms,Negative symptoms,outcome_domain,0.299269,16,available,1.0,5,5,,,0.221696,17,True,1,low,0.054791,partial,0.415997,available,0.213516,available,1.0,available,0.25,available,0.3,available
gene,ENSG00000183117,CSMD1,negative_symptoms,Negative symptoms,outcome_domain,0.29611,17,available,1.0,5,5,,,0.197032,23,False,1,medium,0.09432,available,0.39826,available,0.202447,available,1.0,available,0.25,available,0.3,available
gene,ENSG00000167978,SRRM2,negative_symptoms,Negative symptoms,outcome_domain,0.294452,18,available,1.0,5,5,,,0.280036,10,True,2,low,0.171777,partial,0.389063,available,0.111072,available,1.0,available,0.25,available,0.3,available
gene,ENSG00000109572,CLCN3,negative_symptoms,Negative symptoms,outcome_domain,0.285145,19,available,1.0,5,5,,,0.262882,14,True,0,none,0.250815,available,0.302715,available,0.288005,available,1.0,available,0.25,available,0.3,available
gene,ENSG00000189056,RELN,negative_symptoms,Negative symptoms,outcome_domain,0.271407,20,available,1.0,5,5,,,0.206138,20,True,1,low,0.007896,partial,0.408328,available,0.039747,available,1.0,available,0.25,available,0.3,available
gene,ENSG00000105866,SP4,negative_symptoms,Negative symptoms,outcome_domain,0.265775,21,available,1.0,5,5,,,0.237035,16,True,0,none,0.329523,available,0.263064,available,0.154679,available,1.0,available,0.25,available,0.3,available
gene,ENSG00000180720,CHRM4,negative_symptoms,Negative symptoms,outcome_domain,0.264073,22,partial,0.55,4,5,,biology_context_score,,,False,3,high,0.008879,partial,,missing_inputs,0.689081,available,0.55,available,0.5,available,0.0,available
gene,ENSG00000168959,GRM5,negative_symptoms,Negative symptoms,outcome_domain,0.259775,23,available,1.0,5,5,,,0.317031,9,True,1,low,0.007104,partial,0.289061,available,0.461324,available,1.0,available,0.25,available,0.3,available
gene,ENSG00000196628,TCF4,negative_symptoms,Negative symptoms,outcome_domain,0.250184,24,available,1.0,5,5,,,0.197845,22,False,1,low,0.0,partial,0.300204,available,0.325919,available,1.0,available,0.25,available,0.3,available
gene,ENSG00000150672,DLG2,negative_symptoms,Negative symptoms,outcome_domain,0.191145,25,available,1.0,5,5,,,0.120093,24,False,1,low,0.0,partial,0.240187,available,0.005606,available,1.0,available,0.25,available,0.3,available
gene,ENSG00000244731,C4A,negative_symptoms,Negative symptoms,outcome_domain,0.072055,26,partial,0.55,4,5,,biology_context_score,,,False,3,high,0.0,partial,,missing_inputs,0.0213,available,1.0,available,0.25,available,0.0,available
gene,ENSG00000183454,GRIN2A,cognition,Cognition,outcome_domain,0.427531,1,available,1.0,5,5,,,0.474147,1,True,0,none,0.308685,available,0.510696,available,0.684806,available,1.0,available,0.25,available,0.3,available
gene,ENSG00000099381,SETD1A,cognition,Cognition,outcome_domain,0.42191,2,available,1.0,5,5,,,0.423842,2,True,2,low,0.867278,partial,0.326935,available,0.338336,available,1.0,available,0.25,available,0.3,available
gene,ENSG00000149295,DRD2,cognition,Cognition,outcome_domain,0.39925,3,available,1.0,5,5,,,0.360249,5,True,1,high,0.03125,available,0.375417,available,0.890623,available,0.55,available,0.7,available,0.3,available
gene,ENSG00000140564,FURIN,cognition,Cognition,outcome_domain,0.345038,4,available,1.0,5,5,,,0.354425,6,True,0,none,0.318209,available,0.402486,available,0.327776,available,1.0,available,0.25,available,0.3,available
gene,ENSG00000117020,AKT3,cognition,Cognition,outcome_domain,0.344697,5,available,1.0,5,5,,,0.366324,4,True,0,none,0.220894,available,0.396719,available,0.544947,available,1.0,available,0.25,available,0.3,available
gene,ENSG00000198822,GRM3,cognition,Cognition,outcome_domain,0.339236,6,available,1.0,5,5,,,0.326635,8,True,0,none,0.03125,available,0.44644,available,0.645877,available,0.55,available,0.25,available,0.3,available
gene,ENSG00000157103,SLC6A1,cognition,Cognition,outcome_domain,0.329924,7,available,1.0,5,5,,,0.385576,3,True,1,low,0.002567,partial,0.411693,available,0.541489,available,1.0,available,0.4,available,0.3,available
gene,ENSG00000065609,SNAP91,cognition,Cognition,outcome_domain,0.322833,8,available,1.0,5,5,,,0.279302,12,True,0,none,0.3125,available,0.385754,available,0.192433,available,1.0,available,0.25,available,0.3,available
gene,ENSG00000138821,SLC39A8,cognition,Cognition,outcome_domain,0.309771,9,available,1.0,5,5,,,0.204129,21,False,0,none,0.126291,available,0.384032,available,0.216986,available,1.0,available,0.4,available,0.3,available
gene,ENSG00000170396,ZNF804A,cognition,Cognition,outcome_domain,0.309561,10,available,1.0,5,5,,,0.238457,15,True,0,none,0.187622,available,0.408519,available,0.207026,available,1.0,available,0.25,available,0.3,available
gene,ENSG00000151067,CACNA1C,cognition,Cognition,outcome_domain,0.305234,11,available,1.0,5,5,,,0.270013,13,True,0,none,0.11584,available,0.386345,available,0.407111,available,1.0,available,0.25,available,0.3,available
gene,ENSG00000145864,GABRB2,cognition,Cognition,outcome_domain,0.298356,12,available,1.0,5,5,,,0.279768,11,True,1,low,0.008593,partial,0.481826,available,0.123159,available,1.0,available,0.25,available,0.3,available
gene,ENSG00000165995,CACNB2,cognition,Cognition,outcome_domain,0.296602,13,available,1.0,5,5,,,0.218248,19,True,0,none,0.03125,available,0.452663,available,0.191537,available,1.0,available,0.25,available,0.3,available
gene,ENSG00000155511,GRIA1,cognition,Cognition,outcome_domain,0.294593,14,available,1.0,5,5,,,0.335059,7,True,1,low,0.005037,partial,0.389211,available,0.509411,available,1.0,available,0.25,available,0.3,available
gene,ENSG00000164588,HCN1,cognition,Cognition,outcome_domain,0.288999,15,available,1.0,5,5,,,0.220567,18,True,0,none,0.03286,available,0.402828,available,0.336543,available,1.0,available,0.25,available,0.3,available
gene,ENSG00000167978,SRRM2,cognition,Cognition,outcome_domain,0.288041,16,available,1.0,5,5,,,0.280036,10,True,2,low,0.171777,partial,0.389063,available,0.111072,available,1.0,available,0.25,available,0.3,available
gene,ENSG00000179915,NRXN1,cognition,Cognition,outcome_domain,0.287008,17,available,1.0,5,5,,,0.221696,17,True,1,low,0.054791,partial,0.415997,available,0.213516,available,1.0,available,0.25,available,0.3,available
gene,ENSG00000183117,CSMD1,cognition,Cognition,outcome_domain,0.285826,18,available,1.0,5,5,,,0.197032,23,False,1,medium,0.09432,available,0.39826,available,0.202447,available,1.0,available,0.25,available,0.3,available
gene,ENSG00000109572,CLCN3,cognition,Cognition,outcome_domain,0.282685,19,available,1.0,5,5,,,0.262882,14,True,0,none,0.250815,available,0.302715,available,0.288005,available,1.0,available,0.25,available,0.3,available
gene,ENSG00000105866,SP4,cognition,Cognition,outcome_domain,0.267251,20,available,1.0,5,5,,,0.237035,16,True,0,none,0.329523,available,0.263064,available,0.154679,available,1.0,available,0.25,available,0.3,available
gene,ENSG00000180720,CHRM4,cognition,Cognition,outcome_domain,0.26488,21,partial,0.55,4,5,,biology_context_score,,,False,3,high,0.008879,partial,,missing_inputs,0.689081,available,0.55,available,0.5,available,0.0,available
gene,ENSG00000189056,RELN,cognition,Cognition,outcome_domain,0.256802,22,available,1.0,5,5,,,0.206138,20,True,1,low,0.007896,partial,0.408328,available,0.039747,available,1.0,available,0.25,available,0.3,available
gene,ENSG00000168959,GRM5,cognition,Cognition,outcome_domain,0.245131,23,available,1.0,5,5,,,0.317031,9,True,1,low,0.007104,partial,0.289061,available,0.461324,available,1.0,available,0.25,available,0.3,available
gene,ENSG00000196628,TCF4,cognition,Cognition,outcome_domain,0.235184,24,available,1.0,5,5,,,0.197845,22,False,1,low,0.0,partial,0.300204,available,0.325919,available,1.0,available,0.25,available,0.3,available
gene,ENSG00000150672,DLG2,cognition,Cognition,outcome_domain,0.176145,25,available,1.0,5,5,,,0.120093,24,False,1,low,0.0,partial,0.240187,available,0.005606,available,1.0,available,0.25,available,0.3,available
gene,ENSG00000244731,C4A,cognition,Cognition,outcome_domain,0.072055,26,partial,0.55,4,5,,biology_context_score,,,False,3,high,0.0,partial,,missing_inputs,0.0213,available,1.0,available,0.25,available,0.0,available
gene,ENSG00000099381,SETD1A,chr_transition_prevention,CHR / transition prevention,population_or_stage,0.480361,1,partial,1.0,5,5,,,0.423842,2,True,2,low,0.867278,partial,0.326935,available,0.338336,available,1.0,available,0.25,available,0.3,available
gene,ENSG00000183454,GRIN2A,chr_transition_prevention,CHR / transition prevention,population_or_stage,0.42907,2,partial,1.0,5,5,,,0.474147,1,True,0,none,0.308685,available,0.510696,available,0.684806,available,1.0,available,0.25,available,0.3,available
gene,ENSG00000149295,DRD2,chr_transition_prevention,CHR / transition prevention,population_or_stage,0.374364,3,partial,1.0,5,5,,,0.360249,5,True,1,high,0.03125,available,0.375417,available,0.890623,available,0.55,available,0.7,available,0.3,available
gene,ENSG00000117020,AKT3,chr_transition_prevention,CHR / transition prevention,population_or_stage,0.341862,4,partial,1.0,5,5,,,0.366324,4,True,0,none,0.220894,available,0.396719,available,0.544947,available,1.0,available,0.25,available,0.3,available
gene,ENSG00000140564,FURIN,chr_transition_prevention,CHR / transition prevention,population_or_stage,0.340499,5,partial,1.0,5,5,,,0.354425,6,True,0,none,0.318209,available,0.402486,available,0.327776,available,1.0,available,0.25,available,0.3,available
gene,ENSG00000198822,GRM3,chr_transition_prevention,CHR / transition prevention,population_or_stage,0.317511,6,partial,1.0,5,5,,,0.326635,8,True,0,none,0.03125,available,0.44644,available,0.645877,available,0.55,available,0.25,available,0.3,available
gene,ENSG00000065609,SNAP91,chr_transition_prevention,CHR / transition prevention,population_or_stage,0.312629,7,partial,1.0,5,5,,,0.279302,12,True,0,none,0.3125,available,0.385754,available,0.192433,available,1.0,available,0.25,available,0.3,available
gene,ENSG00000157103,SLC6A1,chr_transition_prevention,CHR / transition prevention,population_or_stage,0.296086,8,partial,1.0,5,5,,,0.385576,3,True,1,low,0.002567,partial,0.411693,available,0.541489,available,1.0,available,0.4,available,0.3,available
gene,ENSG00000151067,CACNA1C,chr_transition_prevention,CHR / transition prevention,population_or_stage,0.286039,9,partial,1.0,5,5,,,0.270013,13,True,0,none,0.11584,available,0.386345,available,0.407111,available,1.0,available,0.25,available,0.3,available
gene,ENSG00000170396,ZNF804A,chr_transition_prevention,CHR / transition prevention,population_or_stage,0.285322,10,partial,1.0,5,5,,,0.238457,15,True,0,none,0.187622,available,0.408519,available,0.207026,available,1.0,available,0.25,available,0.3,available
gene,ENSG00000109572,CLCN3,chr_transition_prevention,CHR / transition prevention,population_or_stage,0.279396,11,partial,1.0,5,5,,,0.262882,14,True,0,none,0.250815,available,0.302715,available,0.288005,available,1.0,available,0.25,available,0.3,available
gene,ENSG00000138821,SLC39A8,chr_transition_prevention,CHR / transition prevention,population_or_stage,0.274846,12,partial,1.0,5,5,,,0.204129,21,False,0,none,0.126291,available,0.384032,available,0.216986,available,1.0,available,0.4,available,0.3,available
gene,ENSG00000155511,GRIA1,chr_transition_prevention,CHR / transition prevention,population_or_stage,0.269147,13,partial,1.0,5,5,,,0.335059,7,True,1,low,0.005037,partial,0.389211,available,0.509411,available,1.0,available,0.25,available,0.3,available
gene,ENSG00000105866,SP4,chr_transition_prevention,CHR / transition prevention,population_or_stage,0.269131,14,partial,1.0,5,5,,,0.237035,16,True,0,none,0.329523,available,0.263064,available,0.154679,available,1.0,available,0.25,available,0.3,available
gene,ENSG00000167978,SRRM2,chr_transition_prevention,CHR / transition prevention,population_or_stage,0.259366,15,partial,1.0,5,5,,,0.280036,10,True,2,low,0.171777,partial,0.389063,available,0.111072,available,1.0,available,0.25,available,0.3,available
gene,ENSG00000164588,HCN1,chr_transition_prevention,CHR / transition prevention,population_or_stage,0.256329,16,partial,1.0,5,5,,,0.220567,18,True,0,none,0.03286,available,0.402828,available,0.336543,available,1.0,available,0.25,available,0.3,available
gene,ENSG00000183117,CSMD1,chr_transition_prevention,CHR / transition prevention,population_or_stage,0.253054,17,partial,1.0,5,5,,,0.197032,23,False,1,medium,0.09432,available,0.39826,available,0.202447,available,1.0,available,0.25,available,0.3,available
gene,ENSG00000165995,CACNB2,chr_transition_prevention,CHR / transition prevention,population_or_stage,0.251538,18,partial,1.0,5,5,,,0.218248,19,True,0,none,0.03125,available,0.452663,available,0.191537,available,1.0,available,0.25,available,0.3,available
gene,ENSG00000179915,NRXN1,chr_transition_prevention,CHR / transition prevention,population_or_stage,0.249064,19,partial,1.0,5,5,,,0.221696,17,True,1,low,0.054791,partial,0.415997,available,0.213516,available,1.0,available,0.25,available,0.3,available
gene,ENSG00000145864,GABRB2,chr_transition_prevention,CHR / transition prevention,population_or_stage,0.244691,20,partial,1.0,5,5,,,0.279768,11,True,1,low,0.008593,partial,0.481826,available,0.123159,available,1.0,available,0.25,available,0.3,available
gene,ENSG00000180720,CHRM4,chr_transition_prevention,CHR / transition prevention,population_or_stage,0.24004,21,partial,0.65,4,5,,biology_context_score,,,False,3,high,0.008879,partial,,missing_inputs,0.689081,available,0.55,available,0.5,available,0.0,available
gene,ENSG00000168959,GRM5,chr_transition_prevention,CHR / transition prevention,population_or_stage,0.227501,22,partial,1.0,5,5,,,0.317031,9,True,1,low,0.007104,partial,0.289061,available,0.461324,available,1.0,available,0.25,available,0.3,available
gene,ENSG00000196628,TCF4,chr_transition_prevention,CHR / transition prevention,population_or_stage,0.208959,23,partial,1.0,5,5,,,0.197845,22,False,1,low,0.0,partial,0.300204,available,0.325919,available,1.0,available,0.25,available,0.3,available
gene,ENSG00000189056,RELN,chr_transition_prevention,CHR / transition prevention,population_or_stage,0.206246,24,partial,1.0,5,5,,,0.206138,20,True,1,low,0.007896,partial,0.408328,available,0.039747,available,1.0,available,0.25,available,0.3,available
gene,ENSG00000150672,DLG2,chr_transition_prevention,CHR / transition prevention,population_or_stage,0.139906,25,partial,1.0,5,5,,,0.120093,24,False,1,low,0.0,partial,0.240187,available,0.005606,available,1.0,available,0.25,available,0.3,available
gene,ENSG00000244731,C4A,chr_transition_prevention,CHR / transition prevention,population_or_stage,0.043377,26,partial,0.65,4,5,,biology_context_score,,,False,3,high,0.0,partial,,missing_inputs,0.0213,available,1.0,available,0.25,available,0.0,available
gene,ENSG00000183454,GRIN2A,functioning_durable_recovery_relevance,Functioning / durable recovery relevance,cross_cutting_outcome,0.478527,1,available,1.0,6,6,,,0.474147,1,True,0,none,0.308685,available,0.510696,available,0.684806,available,1.0,available,0.25,available,0.3,available
gene,ENSG00000099381,SETD1A,functioning_durable_recovery_relevance,Functioning / durable recovery relevance,cross_cutting_outcome,0.463353,2,available,1.0,6,6,,,0.423842,2,True,2,low,0.867278,partial,0.326935,available,0.338336,available,1.0,available,0.25,available,0.3,available
gene,ENSG00000149295,DRD2,functioning_durable_recovery_relevance,Functioning / durable recovery relevance,cross_cutting_outcome,0.455146,3,available,1.0,6,6,,,0.360249,5,True,1,high,0.03125,available,0.375417,available,0.890623,available,1.0,available,0.7,available,0.3,available
gene,ENSG00000117020,AKT3,functioning_durable_recovery_relevance,Functioning / durable recovery relevance,cross_cutting_outcome,0.41148,4,available,1.0,6,6,,,0.366324,4,True,0,none,0.220894,available,0.396719,available,0.544947,available,1.0,available,0.25,available,0.3,available
gene,ENSG00000198822,GRM3,functioning_durable_recovery_relevance,Functioning / durable recovery relevance,cross_cutting_outcome,0.410529,5,available,1.0,6,6,,,0.326635,8,True,0,none,0.03125,available,0.44644,available,0.645877,available,1.0,available,0.25,available,0.3,available
gene,ENSG00000140564,FURIN,functioning_durable_recovery_relevance,Functioning / durable recovery relevance,cross_cutting_outcome,0.406379,6,available,1.0,6,6,,,0.354425,6,True,0,none,0.318209,available,0.402486,available,0.327776,available,1.0,available,0.25,available,0.3,available
gene,ENSG00000157103,SLC6A1,functioning_durable_recovery_relevance,Functioning / durable recovery relevance,cross_cutting_outcome,0.398626,7,available,1.0,6,6,,,0.385576,3,True,1,low,0.002567,partial,0.411693,available,0.541489,available,1.0,available,0.4,available,0.3,available
gene,ENSG00000065609,SNAP91,functioning_durable_recovery_relevance,Functioning / durable recovery relevance,cross_cutting_outcome,0.386132,8,available,1.0,6,6,,,0.279302,12,True,0,none,0.3125,available,0.385754,available,0.192433,available,1.0,available,0.25,available,0.3,available
gene,ENSG00000151067,CACNA1C,functioning_durable_recovery_relevance,Functioning / durable recovery relevance,cross_cutting_outcome,0.378308,9,available,1.0,6,6,,,0.270013,13,True,0,none,0.11584,available,0.386345,available,0.407111,available,1.0,available,0.25,available,0.3,available
gene,ENSG00000170396,ZNF804A,functioning_durable_recovery_relevance,Functioning / durable recovery relevance,cross_cutting_outcome,0.376828,10,available,1.0,6,6,,,0.238457,15,True,0,none,0.187622,available,0.408519,available,0.207026,available,1.0,available,0.25,available,0.3,available
gene,ENSG00000138821,SLC39A8,functioning_durable_recovery_relevance,Functioning / durable recovery relevance,cross_cutting_outcome,0.375053,11,available,1.0,6,6,,,0.204129,21,False,0,none,0.126291,available,0.384032,available,0.216986,available,1.0,available,0.4,available,0.3,available
gene,ENSG00000155511,GRIA1,functioning_durable_recovery_relevance,Functioning / durable recovery relevance,cross_cutting_outcome,0.37292,12,available,1.0,6,6,,,0.335059,7,True,1,low,0.005037,partial,0.389211,available,0.509411,available,1.0,available,0.25,available,0.3,available
gene,ENSG00000165995,CACNB2,functioning_durable_recovery_relevance,Functioning / durable recovery relevance,cross_cutting_outcome,0.367273,13,available,1.0,6,6,,,0.218248,19,True,0,none,0.03125,available,0.452663,available,0.191537,available,1.0,available,0.25,available,0.3,available
gene,ENSG00000145864,GABRB2,functioning_durable_recovery_relevance,Functioning / durable recovery relevance,cross_cutting_outcome,0.367244,14,available,1.0,6,6,,,0.279768,11,True,1,low,0.008593,partial,0.481826,available,0.123159,available,1.0,available,0.25,available,0.3,available
gene,ENSG00000164588,HCN1,functioning_durable_recovery_relevance,Functioning / durable recovery relevance,cross_cutting_outcome,0.364573,15,available,1.0,6,6,,,0.220567,18,True,0,none,0.03286,available,0.402828,available,0.336543,available,1.0,available,0.25,available,0.3,available
gene,ENSG00000179915,NRXN1,functioning_durable_recovery_relevance,Functioning / durable recovery relevance,cross_cutting_outcome,0.360169,16,available,1.0,6,6,,,0.221696,17,True,1,low,0.054791,partial,0.415997,available,0.213516,available,1.0,available,0.25,available,0.3,available
gene,ENSG00000183117,CSMD1,functioning_durable_recovery_relevance,Functioning / durable recovery relevance,cross_cutting_outcome,0.358784,17,available,1.0,6,6,,,0.197032,23,False,1,medium,0.09432,available,0.39826,available,0.202447,available,1.0,available,0.25,available,0.3,available
gene,ENSG00000167978,SRRM2,functioning_durable_recovery_relevance,Functioning / durable recovery relevance,cross_cutting_outcome,0.358046,18,available,1.0,6,6,,,0.280036,10,True,2,low,0.171777,partial,0.389063,available,0.111072,available,1.0,available,0.25,available,0.3,available
gene,ENSG00000109572,CLCN3,functioning_durable_recovery_relevance,Functioning / durable recovery relevance,cross_cutting_outcome,0.357373,19,available,1.0,6,6,,,0.262882,14,True,0,none,0.250815,available,0.302715,available,0.288005,available,1.0,available,0.25,available,0.3,available
gene,ENSG00000105866,SP4,functioning_durable_recovery_relevance,Functioning / durable recovery relevance,cross_cutting_outcome,0.341969,20,available,1.0,6,6,,,0.237035,16,True,0,none,0.329523,available,0.263064,available,0.154679,available,1.0,available,0.25,available,0.3,available
gene,ENSG00000180720,CHRM4,functioning_durable_recovery_relevance,Functioning / durable recovery relevance,cross_cutting_outcome,0.338831,21,partial,0.65,5,6,,biology_context_score,,,False,3,high,0.008879,partial,,missing_inputs,0.689081,available,1.0,available,0.5,available,0.0,available
gene,ENSG00000168959,GRM5,functioning_durable_recovery_relevance,Functioning / durable recovery relevance,cross_cutting_outcome,0.333369,22,available,1.0,6,6,,,0.317031,9,True,1,low,0.007104,partial,0.289061,available,0.461324,available,1.0,available,0.25,available,0.3,available
gene,ENSG00000189056,RELN,functioning_durable_recovery_relevance,Functioning / durable recovery relevance,cross_cutting_outcome,0.333074,23,available,1.0,6,6,,,0.206138,20,True,1,low,0.007896,partial,0.408328,available,0.039747,available,1.0,available,0.25,available,0.3,available
gene,ENSG00000196628,TCF4,functioning_durable_recovery_relevance,Functioning / durable recovery relevance,cross_cutting_outcome,0.322663,24,available,1.0,6,6,,,0.197845,22,False,1,low,0.0,partial,0.300204,available,0.325919,available,1.0,available,0.25,available,0.3,available
gene,ENSG00000150672,DLG2,functioning_durable_recovery_relevance,Functioning / durable recovery relevance,cross_cutting_outcome,0.269626,25,available,1.0,6,6,,,0.120093,24,False,1,low,0.0,partial,0.240187,available,0.005606,available,1.0,available,0.25,available,0.3,available
gene,ENSG00000244731,C4A,functioning_durable_recovery_relevance,Functioning / durable recovery relevance,cross_cutting_outcome,0.195585,26,partial,0.65,5,6,,biology_context_score,,,False,3,high,0.0,partial,,missing_inputs,0.0213,available,1.0,available,0.25,available,0.0,available
module,psychencode:l2_3_it,BrainSCOPE L2.3.IT,acute_positive_symptoms,Acute positive symptoms,outcome_domain,0.669248,1,partial,0.55,2,5,,intervention_readiness_score | directionality_confidence | subgroup_resolution_score,0.816286,1,True,0,none,0.482303,available,0.996401,available,,not_applicable,,not_applicable,,not_applicable,,not_applicable
module,psychencode:pvalb,BrainSCOPE Pvalb,acute_positive_symptoms,Acute positive symptoms,outcome_domain,0.666959,2,partial,0.55,2,5,,intervention_readiness_score | directionality_confidence | subgroup_resolution_score,0.81159,2,True,0,none,0.482635,available,0.989526,available,,not_applicable,,not_applicable,,not_applicable,,not_applicable
module,psychencode:l6_ct,BrainSCOPE L6.CT,acute_positive_symptoms,Acute positive symptoms,outcome_domain,0.666236,3,partial,0.55,2,5,,intervention_readiness_score | directionality_confidence | subgroup_resolution_score,0.810485,3,True,0,none,0.482307,available,0.988112,available,,not_applicable,,not_applicable,,not_applicable,,not_applicable
module,psychencode:opc,BrainSCOPE OPC,acute_positive_symptoms,Acute positive symptoms,outcome_domain,0.662566,4,partial,0.55,2,5,,intervention_readiness_score | directionality_confidence | subgroup_resolution_score,0.803263,4,True,0,none,0.482488,available,0.977702,available,,not_applicable,,not_applicable,,not_applicable,,not_applicable
module,psychencode:l4_it,BrainSCOPE L4.IT,acute_positive_symptoms,Acute positive symptoms,outcome_domain,0.657565,5,partial,0.55,2,5,,intervention_readiness_score | directionality_confidence | subgroup_resolution_score,0.793762,5,True,0,none,0.482344,available,0.964203,available,,not_applicable,,not_applicable,,not_applicable,,not_applicable
module,psychencode:l6_it,BrainSCOPE L6.IT,acute_positive_symptoms,Acute positive symptoms,outcome_domain,0.657272,6,partial,0.55,2,5,,intervention_readiness_score | directionality_confidence | subgroup_resolution_score,0.793124,6,True,0,none,0.482428,available,0.963248,available,,not_applicable,,not_applicable,,not_applicable,,not_applicable
module,psychencode:l6b,BrainSCOPE L6b,acute_positive_symptoms,Acute positive symptoms,outcome_domain,0.646731,7,partial,0.55,2,5,,intervention_readiness_score | directionality_confidence | subgroup_resolution_score,0.772996,7,True,0,none,0.482242,available,0.934588,available,,not_applicable,,not_applicable,,not_applicable,,not_applicable
module,psychencode:lamp5,BrainSCOPE Lamp5,acute_positive_symptoms,Acute positive symptoms,outcome_domain,0.645099,8,partial,0.55,2,5,,intervention_readiness_score | directionality_confidence | subgroup_resolution_score,0.769624,8,True,0,none,0.482506,available,0.929638,available,,not_applicable,,not_applicable,,not_applicable,,not_applicable
module,psychencode:l5_it,BrainSCOPE L5.IT,acute_positive_symptoms,Acute positive symptoms,outcome_domain,0.63779,9,partial,0.55,2,5,,intervention_readiness_score | directionality_confidence | subgroup_resolution_score,0.755653,9,True,0,none,0.482392,available,0.909737,available,,not_applicable,,not_applicable,,not_applicable,,not_applicable
module,psychencode:l5_6_np,BrainSCOPE L5.6.NP,acute_positive_symptoms,Acute positive symptoms,outcome_domain,0.632331,10,partial,0.55,2,5,,intervention_readiness_score | directionality_confidence | subgroup_resolution_score,0.745232,10,True,0,none,0.482291,available,0.8949,available,,not_applicable,,not_applicable,,not_applicable,,not_applicable
module,psychencode:l6_it_car3,BrainSCOPE L6.IT.Car3,acute_positive_symptoms,Acute positive symptoms,outcome_domain,0.626161,11,partial,0.55,2,5,,intervention_readiness_score | directionality_confidence | subgroup_resolution_score,0.733303,11,True,0,none,0.48235,available,0.877829,available,,not_applicable,,not_applicable,,not_applicable,,not_applicable
module,psychencode:lamp5_lhx6,BrainSCOPE Lamp5.Lhx6,acute_positive_symptoms,Acute positive symptoms,outcome_domain,0.620964,12,partial,0.55,2,5,,intervention_readiness_score | directionality_confidence | subgroup_resolution_score,0.723106,12,True,0,none,0.482571,available,0.863152,available,,not_applicable,,not_applicable,,not_applicable,,not_applicable
module,psychencode:chandelier,BrainSCOPE Chandelier,acute_positive_symptoms,Acute positive symptoms,outcome_domain,0.61462,13,partial,0.55,2,5,,intervention_readiness_score | directionality_confidence | subgroup_resolution_score,0.710868,13,True,0,none,0.482601,available,0.845654,available,,not_applicable,,not_applicable,,not_applicable,,not_applicable
module,psychencode:sst,BrainSCOPE Sst,acute_positive_symptoms,Acute positive symptoms,outcome_domain,0.596314,14,partial,0.55,2,5,,intervention_readiness_score | directionality_confidence | subgroup_resolution_score,0.675669,14,True,0,none,0.482555,available,0.795393,available,,not_applicable,,not_applicable,,not_applicable,,not_applicable
module,psychencode:vip,BrainSCOPE Vip,acute_positive_symptoms,Acute positive symptoms,outcome_domain,0.581895,15,partial,0.55,2,5,,intervention_readiness_score | directionality_confidence | subgroup_resolution_score,0.647954,15,True,0,none,0.482508,available,0.755823,available,,not_applicable,,not_applicable,,not_applicable,,not_applicable
module,psychencode:sncg,BrainSCOPE Sncg,acute_positive_symptoms,Acute positive symptoms,outcome_domain,0.532983,16,partial,0.55,2,5,,intervention_readiness_score | directionality_confidence | subgroup_resolution_score,0.553842,16,True,0,none,0.482457,available,0.621403,available,,not_applicable,,not_applicable,,not_applicable,,not_applicable
module,psychencode:l2_3_it,BrainSCOPE L2.3.IT,relapse_prevention,Relapse prevention,outcome_domain,0.809456,1,partial,0.55,2,6,,intervention_readiness_score | failure_burden_score | directionality_confidence | subgroup_resolution_score,0.816286,1,True,0,none,0.482303,available,0.996401,available,,not_applicable,,not_applicable,,not_applicable,,not_applicable
module,psychencode:pvalb,BrainSCOPE Pvalb,relapse_prevention,Relapse prevention,outcome_domain,0.805202,2,partial,0.55,2,6,,intervention_readiness_score | failure_burden_score | directionality_confidence | subgroup_resolution_score,0.81159,2,True,0,none,0.482635,available,0.989526,available,,not_applicable,,not_applicable,,not_applicable,,not_applicable
module,psychencode:l6_ct,BrainSCOPE L6.CT,relapse_prevention,Relapse prevention,outcome_domain,0.804183,3,partial,0.55,2,6,,intervention_readiness_score | failure_burden_score | directionality_confidence | subgroup_resolution_score,0.810485,3,True,0,none,0.482307,available,0.988112,available,,not_applicable,,not_applicable,,not_applicable,,not_applicable
module,psychencode:opc,BrainSCOPE OPC,relapse_prevention,Relapse prevention,outcome_domain,0.797624,4,partial,0.55,2,6,,intervention_readiness_score | failure_burden_score | directionality_confidence | subgroup_resolution_score,0.803263,4,True,0,none,0.482488,available,0.977702,available,,not_applicable,,not_applicable,,not_applicable,,not_applicable
module,psychencode:l4_it,BrainSCOPE L4.IT,relapse_prevention,Relapse prevention,outcome_domain,0.788982,5,partial,0.55,2,6,,intervention_readiness_score | failure_burden_score | directionality_confidence | subgroup_resolution_score,0.793762,5,True,0,none,0.482344,available,0.964203,available,,not_applicable,,not_applicable,,not_applicable,,not_applicable
module,psychencode:l6_it,BrainSCOPE L6.IT,relapse_prevention,Relapse prevention,outcome_domain,0.788404,6,partial,0.55,2,6,,intervention_readiness_score | failure_burden_score | directionality_confidence | subgroup_resolution_score,0.793124,6,True,0,none,0.482428,available,0.963248,available,,not_applicable,,not_applicable,,not_applicable,,not_applicable
module,psychencode:l6b,BrainSCOPE L6b,relapse_prevention,Relapse prevention,outcome_domain,0.770099,7,partial,0.55,2,6,,intervention_readiness_score | failure_burden_score | directionality_confidence | subgroup_resolution_score,0.772996,7,True,0,none,0.482242,available,0.934588,available,,not_applicable,,not_applicable,,not_applicable,,not_applicable
module,psychencode:lamp5,BrainSCOPE Lamp5,relapse_prevention,Relapse prevention,outcome_domain,0.767045,8,partial,0.55,2,6,,intervention_readiness_score | failure_burden_score | directionality_confidence | subgroup_resolution_score,0.769624,8,True,0,none,0.482506,available,0.929638,available,,not_applicable,,not_applicable,,not_applicable,,not_applicable
module,psychencode:l5_it,BrainSCOPE L5.IT,relapse_prevention,Relapse prevention,outcome_domain,0.754339,9,partial,0.55,2,6,,intervention_readiness_score | failure_burden_score | directionality_confidence | subgroup_resolution_score,0.755653,9,True,0,none,0.482392,available,0.909737,available,,not_applicable,,not_applicable,,not_applicable,,not_applicable
module,psychencode:l5_6_np,BrainSCOPE L5.6.NP,relapse_prevention,Relapse prevention,outcome_domain,0.74486,10,partial,0.55,2,6,,intervention_readiness_score | failure_burden_score | directionality_confidence | subgroup_resolution_score,0.745232,10,True,0,none,0.482291,available,0.8949,available,,not_applicable,,not_applicable,,not_applicable,,not_applicable
module,psychencode:l6_it_car3,BrainSCOPE L6.IT.Car3,relapse_prevention,Relapse prevention,outcome_domain,0.734018,11,partial,0.55,2,6,,intervention_readiness_score | failure_burden_score | directionality_confidence | subgroup_resolution_score,0.733303,11,True,0,none,0.48235,available,0.877829,available,,not_applicable,,not_applicable,,not_applicable,,not_applicable
module,psychencode:lamp5_lhx6,BrainSCOPE Lamp5.Lhx6,relapse_prevention,Relapse prevention,outcome_domain,0.724759,12,partial,0.55,2,6,,intervention_readiness_score | failure_burden_score | directionality_confidence | subgroup_resolution_score,0.723106,12,True,0,none,0.482571,available,0.863152,available,,not_applicable,,not_applicable,,not_applicable,,not_applicable
module,psychencode:chandelier,BrainSCOPE Chandelier,relapse_prevention,Relapse prevention,outcome_domain,0.713635,13,partial,0.55,2,6,,intervention_readiness_score | failure_burden_score | directionality_confidence | subgroup_resolution_score,0.710868,13,True,0,none,0.482601,available,0.845654,available,,not_applicable,,not_applicable,,not_applicable,,not_applicable
module,psychencode:sst,BrainSCOPE Sst,relapse_prevention,Relapse prevention,outcome_domain,0.681634,14,partial,0.55,2,6,,intervention_readiness_score | failure_burden_score | directionality_confidence | subgroup_resolution_score,0.675669,14,True,0,none,0.482555,available,0.795393,available,,not_applicable,,not_applicable,,not_applicable,,not_applicable
module,psychencode:vip,BrainSCOPE Vip,relapse_prevention,Relapse prevention,outcome_domain,0.656436,15,partial,0.55,2,6,,intervention_readiness_score | failure_burden_score | directionality_confidence | subgroup_resolution_score,0.647954,15,True,0,none,0.482508,available,0.755823,available,,not_applicable,,not_applicable,,not_applicable,,not_applicable
module,psychencode:sncg,BrainSCOPE Sncg,relapse_prevention,Relapse prevention,outcome_domain,0.570877,16,partial,0.55,2,6,,intervention_readiness_score | failure_burden_score | directionality_confidence | subgroup_resolution_score,0.553842,16,True,0,none,0.482457,available,0.621403,available,,not_applicable,,not_applicable,,not_applicable,,not_applicable
module,psychencode:l2_3_it,BrainSCOPE L2.3.IT,treatment_resistant_schizophrenia,Treatment-resistant schizophrenia,population_or_stage,0.710791,1,partial,0.45,2,6,,intervention_readiness_score | failure_burden_score | directionality_confidence | subgroup_resolution_score,0.816286,1,True,0,none,0.482303,available,0.996401,available,,not_applicable,,not_applicable,,not_applicable,,not_applicable
module,psychencode:pvalb,BrainSCOPE Pvalb,treatment_resistant_schizophrenia,Treatment-resistant schizophrenia,population_or_stage,0.70792,2,partial,0.45,2,6,,intervention_readiness_score | failure_burden_score | directionality_confidence | subgroup_resolution_score,0.81159,2,True,0,none,0.482635,available,0.989526,available,,not_applicable,,not_applicable,,not_applicable,,not_applicable
module,psychencode:l6_ct,BrainSCOPE L6.CT,treatment_resistant_schizophrenia,Treatment-resistant schizophrenia,population_or_stage,0.707109,3,partial,0.45,2,6,,intervention_readiness_score | failure_burden_score | directionality_confidence | subgroup_resolution_score,0.810485,3,True,0,none,0.482307,available,0.988112,available,,not_applicable,,not_applicable,,not_applicable,,not_applicable
module,psychencode:opc,BrainSCOPE OPC,treatment_resistant_schizophrenia,Treatment-resistant schizophrenia,population_or_stage,0.702583,4,partial,0.45,2,6,,intervention_readiness_score | failure_burden_score | directionality_confidence | subgroup_resolution_score,0.803263,4,True,0,none,0.482488,available,0.977702,available,,not_applicable,,not_applicable,,not_applicable,,not_applicable
module,psychencode:l4_it,BrainSCOPE L4.IT,treatment_resistant_schizophrenia,Treatment-resistant schizophrenia,population_or_stage,0.696504,5,partial,0.45,2,6,,intervention_readiness_score | failure_burden_score | directionality_confidence | subgroup_resolution_score,0.793762,5,True,0,none,0.482344,available,0.964203,available,,not_applicable,,not_applicable,,not_applicable,,not_applicable
module,psychencode:l6_it,BrainSCOPE L6.IT,treatment_resistant_schizophrenia,Treatment-resistant schizophrenia,population_or_stage,0.696126,6,partial,0.45,2,6,,intervention_readiness_score | failure_burden_score | directionality_confidence | subgroup_resolution_score,0.793124,6,True,0,none,0.482428,available,0.963248,available,,not_applicable,,not_applicable,,not_applicable,,not_applicable
module,psychencode:l6b,BrainSCOPE L6b,treatment_resistant_schizophrenia,Treatment-resistant schizophrenia,population_or_stage,0.683285,7,partial,0.45,2,6,,intervention_readiness_score | failure_burden_score | directionality_confidence | subgroup_resolution_score,0.772996,7,True,0,none,0.482242,available,0.934588,available,,not_applicable,,not_applicable,,not_applicable,,not_applicable
module,psychencode:lamp5,BrainSCOPE Lamp5,treatment_resistant_schizophrenia,Treatment-resistant schizophrenia,population_or_stage,0.681231,8,partial,0.45,2,6,,intervention_readiness_score | failure_burden_score | directionality_confidence | subgroup_resolution_score,0.769624,8,True,0,none,0.482506,available,0.929638,available,,not_applicable,,not_applicable,,not_applicable,,not_applicable
module,psychencode:l5_it,BrainSCOPE L5.IT,treatment_resistant_schizophrenia,Treatment-resistant schizophrenia,population_or_stage,0.672323,9,partial,0.45,2,6,,intervention_readiness_score | failure_burden_score | directionality_confidence | subgroup_resolution_score,0.755653,9,True,0,none,0.482392,available,0.909737,available,,not_applicable,,not_applicable,,not_applicable,,not_applicable
module,psychencode:l5_6_np,BrainSCOPE L5.6.NP,treatment_resistant_schizophrenia,Treatment-resistant schizophrenia,population_or_stage,0.665673,10,partial,0.45,2,6,,intervention_readiness_score | failure_burden_score | directionality_confidence | subgroup_resolution_score,0.745232,10,True,0,none,0.482291,available,0.8949,available,,not_applicable,,not_applicable,,not_applicable,,not_applicable
module,psychencode:l6_it_car3,BrainSCOPE L6.IT.Car3,treatment_resistant_schizophrenia,Treatment-resistant schizophrenia,population_or_stage,0.658118,11,partial,0.45,2,6,,intervention_readiness_score | failure_burden_score | directionality_confidence | subgroup_resolution_score,0.733303,11,True,0,none,0.48235,available,0.877829,available,,not_applicable,,not_applicable,,not_applicable,,not_applicable
module,psychencode:lamp5_lhx6,BrainSCOPE Lamp5.Lhx6,treatment_resistant_schizophrenia,Treatment-resistant schizophrenia,population_or_stage,0.651718,12,partial,0.45,2,6,,intervention_readiness_score | failure_burden_score | directionality_confidence | subgroup_resolution_score,0.723106,12,True,0,none,0.482571,available,0.863152,available,,not_applicable,,not_applicable,,not_applicable,,not_applicable
module,psychencode:chandelier,BrainSCOPE Chandelier,treatment_resistant_schizophrenia,Treatment-resistant schizophrenia,population_or_stage,0.643958,13,partial,0.45,2,6,,intervention_readiness_score | failure_burden_score | directionality_confidence | subgroup_resolution_score,0.710868,13,True,0,none,0.482601,available,0.845654,available,,not_applicable,,not_applicable,,not_applicable,,not_applicable
module,psychencode:sst,BrainSCOPE Sst,treatment_resistant_schizophrenia,Treatment-resistant schizophrenia,population_or_stage,0.621594,14,partial,0.45,2,6,,intervention_readiness_score | failure_burden_score | directionality_confidence | subgroup_resolution_score,0.675669,14,True,0,none,0.482555,available,0.795393,available,,not_applicable,,not_applicable,,not_applicable,,not_applicable
module,psychencode:vip,BrainSCOPE Vip,treatment_resistant_schizophrenia,Treatment-resistant schizophrenia,population_or_stage,0.603981,15,partial,0.45,2,6,,intervention_readiness_score | failure_burden_score | directionality_confidence | subgroup_resolution_score,0.647954,15,True,0,none,0.482508,available,0.755823,available,,not_applicable,,not_applicable,,not_applicable,,not_applicable
module,psychencode:sncg,BrainSCOPE Sncg,treatment_resistant_schizophrenia,Treatment-resistant schizophrenia,population_or_stage,0.544211,16,partial,0.45,2,6,,intervention_readiness_score | failure_burden_score | directionality_confidence | subgroup_resolution_score,0.553842,16,True,0,none,0.482457,available,0.621403,available,,not_applicable,,not_applicable,,not_applicable,,not_applicable
module,psychencode:l2_3_it,BrainSCOPE L2.3.IT,clozapine_resistant_schizophrenia,Clozapine-resistant schizophrenia,population_or_stage,0.739352,1,partial,0.4,2,6,,intervention_readiness_score | failure_burden_score | directionality_confidence | subgroup_resolution_score,0.816286,1,True,0,none,0.482303,available,0.996401,available,,not_applicable,,not_applicable,,not_applicable,,not_applicable
module,psychencode:pvalb,BrainSCOPE Pvalb,clozapine_resistant_schizophrenia,Clozapine-resistant schizophrenia,population_or_stage,0.736081,2,partial,0.4,2,6,,intervention_readiness_score | failure_burden_score | directionality_confidence | subgroup_resolution_score,0.81159,2,True,0,none,0.482635,available,0.989526,available,,not_applicable,,not_applicable,,not_applicable,,not_applicable
module,psychencode:l6_ct,BrainSCOPE L6.CT,clozapine_resistant_schizophrenia,Clozapine-resistant schizophrenia,population_or_stage,0.735209,3,partial,0.4,2,6,,intervention_readiness_score | failure_burden_score | directionality_confidence | subgroup_resolution_score,0.810485,3,True,0,none,0.482307,available,0.988112,available,,not_applicable,,not_applicable,,not_applicable,,not_applicable
module,psychencode:opc,BrainSCOPE OPC,clozapine_resistant_schizophrenia,Clozapine-resistant schizophrenia,population_or_stage,0.730095,4,partial,0.4,2,6,,intervention_readiness_score | failure_burden_score | directionality_confidence | subgroup_resolution_score,0.803263,4,True,0,none,0.482488,available,0.977702,available,,not_applicable,,not_applicable,,not_applicable,,not_applicable
module,psychencode:l4_it,BrainSCOPE L4.IT,clozapine_resistant_schizophrenia,Clozapine-resistant schizophrenia,population_or_stage,0.723274,5,partial,0.4,2,6,,intervention_readiness_score | failure_burden_score | directionality_confidence | subgroup_resolution_score,0.793762,5,True,0,none,0.482344,available,0.964203,available,,not_applicable,,not_applicable,,not_applicable,,not_applicable
module,psychencode:l6_it,BrainSCOPE L6.IT,clozapine_resistant_schizophrenia,Clozapine-resistant schizophrenia,population_or_stage,0.722838,6,partial,0.4,2,6,,intervention_readiness_score | failure_burden_score | directionality_confidence | subgroup_resolution_score,0.793124,6,True,0,none,0.482428,available,0.963248,available,,not_applicable,,not_applicable,,not_applicable,,not_applicable
module,psychencode:l6b,BrainSCOPE L6b,clozapine_resistant_schizophrenia,Clozapine-resistant schizophrenia,population_or_stage,0.708415,7,partial,0.4,2,6,,intervention_readiness_score | failure_burden_score | directionality_confidence | subgroup_resolution_score,0.772996,7,True,0,none,0.482242,available,0.934588,available,,not_applicable,,not_applicable,,not_applicable,,not_applicable
module,psychencode:lamp5,BrainSCOPE Lamp5,clozapine_resistant_schizophrenia,Clozapine-resistant schizophrenia,population_or_stage,0.706072,8,partial,0.4,2,6,,intervention_readiness_score | failure_burden_score | directionality_confidence | subgroup_resolution_score,0.769624,8,True,0,none,0.482506,available,0.929638,available,,not_applicable,,not_applicable,,not_applicable,,not_applicable
module,psychencode:l5_it,BrainSCOPE L5.IT,clozapine_resistant_schizophrenia,Clozapine-resistant schizophrenia,population_or_stage,0.696064,9,partial,0.4,2,6,,intervention_readiness_score | failure_burden_score | directionality_confidence | subgroup_resolution_score,0.755653,9,True,0,none,0.482392,available,0.909737,available,,not_applicable,,not_applicable,,not_applicable,,not_applicable
module,psychencode:l5_6_np,BrainSCOPE L5.6.NP,clozapine_resistant_schizophrenia,Clozapine-resistant schizophrenia,population_or_stage,0.688596,10,partial,0.4,2,6,,intervention_readiness_score | failure_burden_score | directionality_confidence | subgroup_resolution_score,0.745232,10,True,0,none,0.482291,available,0.8949,available,,not_applicable,,not_applicable,,not_applicable,,not_applicable
module,psychencode:l6_it_car3,BrainSCOPE L6.IT.Car3,clozapine_resistant_schizophrenia,Clozapine-resistant schizophrenia,population_or_stage,0.680089,11,partial,0.4,2,6,,intervention_readiness_score | failure_burden_score | directionality_confidence | subgroup_resolution_score,0.733303,11,True,0,none,0.48235,available,0.877829,available,,not_applicable,,not_applicable,,not_applicable,,not_applicable
module,psychencode:lamp5_lhx6,BrainSCOPE Lamp5.Lhx6,clozapine_resistant_schizophrenia,Clozapine-resistant schizophrenia,population_or_stage,0.672862,12,partial,0.4,2,6,,intervention_readiness_score | failure_burden_score | directionality_confidence | subgroup_resolution_score,0.723106,12,True,0,none,0.482571,available,0.863152,available,,not_applicable,,not_applicable,,not_applicable,,not_applicable
module,psychencode:chandelier,BrainSCOPE Chandelier,clozapine_resistant_schizophrenia,Clozapine-resistant schizophrenia,population_or_stage,0.664127,13,partial,0.4,2,6,,intervention_readiness_score | failure_burden_score | directionality_confidence | subgroup_resolution_score,0.710868,13,True,0,none,0.482601,available,0.845654,available,,not_applicable,,not_applicable,,not_applicable,,not_applicable
module,psychencode:sst,BrainSCOPE Sst,clozapine_resistant_schizophrenia,Clozapine-resistant schizophrenia,population_or_stage,0.638974,14,partial,0.4,2,6,,intervention_readiness_score | failure_burden_score | directionality_confidence | subgroup_resolution_score,0.675669,14,True,0,none,0.482555,available,0.795393,available,,not_applicable,,not_applicable,,not_applicable,,not_applicable
module,psychencode:vip,BrainSCOPE Vip,clozapine_resistant_schizophrenia,Clozapine-resistant schizophrenia,population_or_stage,0.619165,15,partial,0.4,2,6,,intervention_readiness_score | failure_burden_score | directionality_confidence | subgroup_resolution_score,0.647954,15,True,0,none,0.482508,available,0.755823,available,,not_applicable,,not_applicable,,not_applicable,,not_applicable
module,psychencode:sncg,BrainSCOPE Sncg,clozapine_resistant_schizophrenia,Clozapine-resistant schizophrenia,population_or_stage,0.55193,16,partial,0.4,2,6,,intervention_readiness_score | failure_burden_score | directionality_confidence | subgroup_resolution_score,0.553842,16,True,0,none,0.482457,available,0.621403,available,,not_applicable,,not_applicable,,not_applicable,,not_applicable
module,psychencode:l2_3_it,BrainSCOPE L2.3.IT,negative_symptoms,Negative symptoms,outcome_domain,0.867876,1,partial,0.6,2,5,,intervention_readiness_score | directionality_confidence | subgroup_resolution_score,0.816286,1,True,0,none,0.482303,available,0.996401,available,,not_applicable,,not_applicable,,not_applicable,,not_applicable
module,psychencode:pvalb,BrainSCOPE Pvalb,negative_symptoms,Negative symptoms,outcome_domain,0.862803,2,partial,0.6,2,5,,intervention_readiness_score | directionality_confidence | subgroup_resolution_score,0.81159,2,True,0,none,0.482635,available,0.989526,available,,not_applicable,,not_applicable,,not_applicable,,not_applicable
module,psychencode:l6_ct,BrainSCOPE L6.CT,negative_symptoms,Negative symptoms,outcome_domain,0.861661,3,partial,0.6,2,5,,intervention_readiness_score | directionality_confidence | subgroup_resolution_score,0.810485,3,True,0,none,0.482307,available,0.988112,available,,not_applicable,,not_applicable,,not_applicable,,not_applicable
module,psychencode:opc,BrainSCOPE OPC,negative_symptoms,Negative symptoms,outcome_domain,0.853898,4,partial,0.6,2,5,,intervention_readiness_score | directionality_confidence | subgroup_resolution_score,0.803263,4,True,0,none,0.482488,available,0.977702,available,,not_applicable,,not_applicable,,not_applicable,,not_applicable
module,psychencode:l4_it,BrainSCOPE L4.IT,negative_symptoms,Negative symptoms,outcome_domain,0.843738,5,partial,0.6,2,5,,intervention_readiness_score | directionality_confidence | subgroup_resolution_score,0.793762,5,True,0,none,0.482344,available,0.964203,available,,not_applicable,,not_applicable,,not_applicable,,not_applicable
module,psychencode:l6_it,BrainSCOPE L6.IT,negative_symptoms,Negative symptoms,outcome_domain,0.843043,6,partial,0.6,2,5,,intervention_readiness_score | directionality_confidence | subgroup_resolution_score,0.793124,6,True,0,none,0.482428,available,0.963248,available,,not_applicable,,not_applicable,,not_applicable,,not_applicable
module,psychencode:l6b,BrainSCOPE L6b,negative_symptoms,Negative symptoms,outcome_domain,0.821501,7,partial,0.6,2,5,,intervention_readiness_score | directionality_confidence | subgroup_resolution_score,0.772996,7,True,0,none,0.482242,available,0.934588,available,,not_applicable,,not_applicable,,not_applicable,,not_applicable
module,psychencode:lamp5,BrainSCOPE Lamp5,negative_symptoms,Negative symptoms,outcome_domain,0.817855,8,partial,0.6,2,5,,intervention_readiness_score | directionality_confidence | subgroup_resolution_score,0.769624,8,True,0,none,0.482506,available,0.929638,available,,not_applicable,,not_applicable,,not_applicable,,not_applicable
module,psychencode:l5_it,BrainSCOPE L5.IT,negative_symptoms,Negative symptoms,outcome_domain,0.802901,9,partial,0.6,2,5,,intervention_readiness_score | directionality_confidence | subgroup_resolution_score,0.755653,9,True,0,none,0.482392,available,0.909737,available,,not_applicable,,not_applicable,,not_applicable,,not_applicable
module,psychencode:l5_6_np,BrainSCOPE L5.6.NP,negative_symptoms,Negative symptoms,outcome_domain,0.791748,10,partial,0.6,2,5,,intervention_readiness_score | directionality_confidence | subgroup_resolution_score,0.745232,10,True,0,none,0.482291,available,0.8949,available,,not_applicable,,not_applicable,,not_applicable,,not_applicable
module,psychencode:l6_it_car3,BrainSCOPE L6.IT.Car3,negative_symptoms,Negative symptoms,outcome_domain,0.778959,11,partial,0.6,2,5,,intervention_readiness_score | directionality_confidence | subgroup_resolution_score,0.733303,11,True,0,none,0.48235,available,0.877829,available,,not_applicable,,not_applicable,,not_applicable,,not_applicable
module,psychencode:lamp5_lhx6,BrainSCOPE Lamp5.Lhx6,negative_symptoms,Negative symptoms,outcome_domain,0.768007,12,partial,0.6,2,5,,intervention_readiness_score | directionality_confidence | subgroup_resolution_score,0.723106,12,True,0,none,0.482571,available,0.863152,available,,not_applicable,,not_applicable,,not_applicable,,not_applicable
module,psychencode:chandelier,BrainSCOPE Chandelier,negative_symptoms,Negative symptoms,outcome_domain,0.754891,13,partial,0.6,2,5,,intervention_readiness_score | directionality_confidence | subgroup_resolution_score,0.710868,13,True,0,none,0.482601,available,0.845654,available,,not_applicable,,not_applicable,,not_applicable,,not_applicable
module,psychencode:sst,BrainSCOPE Sst,negative_symptoms,Negative symptoms,outcome_domain,0.717184,14,partial,0.6,2,5,,intervention_readiness_score | directionality_confidence | subgroup_resolution_score,0.675669,14,True,0,none,0.482555,available,0.795393,available,,not_applicable,,not_applicable,,not_applicable,,not_applicable
module,psychencode:vip,BrainSCOPE Vip,negative_symptoms,Negative symptoms,outcome_domain,0.687494,15,partial,0.6,2,5,,intervention_readiness_score | directionality_confidence | subgroup_resolution_score,0.647954,15,True,0,none,0.482508,available,0.755823,available,,not_applicable,,not_applicable,,not_applicable,,not_applicable
module,psychencode:sncg,BrainSCOPE Sncg,negative_symptoms,Negative symptoms,outcome_domain,0.586667,16,partial,0.6,2,5,,intervention_readiness_score | directionality_confidence | subgroup_resolution_score,0.553842,16,True,0,none,0.482457,available,0.621403,available,,not_applicable,,not_applicable,,not_applicable,,not_applicable
module,psychencode:l2_3_it,BrainSCOPE L2.3.IT,cognition,Cognition,outcome_domain,0.838217,1,partial,0.65,2,5,,intervention_readiness_score | directionality_confidence | subgroup_resolution_score,0.816286,1,True,0,none,0.482303,available,0.996401,available,,not_applicable,,not_applicable,,not_applicable,,not_applicable
module,psychencode:pvalb,BrainSCOPE Pvalb,cognition,Cognition,outcome_domain,0.83356,2,partial,0.65,2,5,,intervention_readiness_score | directionality_confidence | subgroup_resolution_score,0.81159,2,True,0,none,0.482635,available,0.989526,available,,not_applicable,,not_applicable,,not_applicable,,not_applicable
module,psychencode:l6_ct,BrainSCOPE L6.CT,cognition,Cognition,outcome_domain,0.83248,3,partial,0.65,2,5,,intervention_readiness_score | directionality_confidence | subgroup_resolution_score,0.810485,3,True,0,none,0.482307,available,0.988112,available,,not_applicable,,not_applicable,,not_applicable,,not_applicable
module,psychencode:opc,BrainSCOPE OPC,cognition,Cognition,outcome_domain,0.825328,4,partial,0.65,2,5,,intervention_readiness_score | directionality_confidence | subgroup_resolution_score,0.803263,4,True,0,none,0.482488,available,0.977702,available,,not_applicable,,not_applicable,,not_applicable,,not_applicable
module,psychencode:l4_it,BrainSCOPE L4.IT,cognition,Cognition,outcome_domain,0.815939,5,partial,0.65,2,5,,intervention_readiness_score | directionality_confidence | subgroup_resolution_score,0.793762,5,True,0,none,0.482344,available,0.964203,available,,not_applicable,,not_applicable,,not_applicable,,not_applicable
module,psychencode:l6_it,BrainSCOPE L6.IT,cognition,Cognition,outcome_domain,0.815303,6,partial,0.65,2,5,,intervention_readiness_score | directionality_confidence | subgroup_resolution_score,0.793124,6,True,0,none,0.482428,available,0.963248,available,,not_applicable,,not_applicable,,not_applicable,,not_applicable
module,psychencode:l6b,BrainSCOPE L6b,cognition,Cognition,outcome_domain,0.795405,7,partial,0.65,2,5,,intervention_readiness_score | directionality_confidence | subgroup_resolution_score,0.772996,7,True,0,none,0.482242,available,0.934588,available,,not_applicable,,not_applicable,,not_applicable,,not_applicable
module,psychencode:lamp5,BrainSCOPE Lamp5,cognition,Cognition,outcome_domain,0.792059,8,partial,0.65,2,5,,intervention_readiness_score | directionality_confidence | subgroup_resolution_score,0.769624,8,True,0,none,0.482506,available,0.929638,available,,not_applicable,,not_applicable,,not_applicable,,not_applicable
module,psychencode:l5_it,BrainSCOPE L5.IT,cognition,Cognition,outcome_domain,0.778246,9,partial,0.65,2,5,,intervention_readiness_score | directionality_confidence | subgroup_resolution_score,0.755653,9,True,0,none,0.482392,available,0.909737,available,,not_applicable,,not_applicable,,not_applicable,,not_applicable
module,psychencode:l5_6_np,BrainSCOPE L5.6.NP,cognition,Cognition,outcome_domain,0.767943,10,partial,0.65,2,5,,intervention_readiness_score | directionality_confidence | subgroup_resolution_score,0.745232,10,True,0,none,0.482291,available,0.8949,available,,not_applicable,,not_applicable,,not_applicable,,not_applicable
module,psychencode:l6_it_car3,BrainSCOPE L6.IT.Car3,cognition,Cognition,outcome_domain,0.756143,11,partial,0.65,2,5,,intervention_readiness_score | directionality_confidence | subgroup_resolution_score,0.733303,11,True,0,none,0.48235,available,0.877829,available,,not_applicable,,not_applicable,,not_applicable,,not_applicable
module,psychencode:lamp5_lhx6,BrainSCOPE Lamp5.Lhx6,cognition,Cognition,outcome_domain,0.74605,12,partial,0.65,2,5,,intervention_readiness_score | directionality_confidence | subgroup_resolution_score,0.723106,12,True,0,none,0.482571,available,0.863152,available,,not_applicable,,not_applicable,,not_applicable,,not_applicable
module,psychencode:chandelier,BrainSCOPE Chandelier,cognition,Cognition,outcome_domain,0.733945,13,partial,0.65,2,5,,intervention_readiness_score | directionality_confidence | subgroup_resolution_score,0.710868,13,True,0,none,0.482601,available,0.845654,available,,not_applicable,,not_applicable,,not_applicable,,not_applicable
module,psychencode:sst,BrainSCOPE Sst,cognition,Cognition,outcome_domain,0.699135,14,partial,0.65,2,5,,intervention_readiness_score | directionality_confidence | subgroup_resolution_score,0.675669,14,True,0,none,0.482555,available,0.795393,available,,not_applicable,,not_applicable,,not_applicable,,not_applicable
module,psychencode:vip,BrainSCOPE Vip,cognition,Cognition,outcome_domain,0.671726,15,partial,0.65,2,5,,intervention_readiness_score | directionality_confidence | subgroup_resolution_score,0.647954,15,True,0,none,0.482508,available,0.755823,available,,not_applicable,,not_applicable,,not_applicable,,not_applicable
module,psychencode:sncg,BrainSCOPE Sncg,cognition,Cognition,outcome_domain,0.57865,16,partial,0.65,2,5,,intervention_readiness_score | directionality_confidence | subgroup_resolution_score,0.553842,16,True,0,none,0.482457,available,0.621403,available,,not_applicable,,not_applicable,,not_applicable,,not_applicable
module,psychencode:l2_3_it,BrainSCOPE L2.3.IT,chr_transition_prevention,CHR / transition prevention,population_or_stage,0.759125,1,partial,0.65,2,5,,intervention_readiness_score | directionality_confidence | subgroup_resolution_score,0.816286,1,True,0,none,0.482303,available,0.996401,available,,not_applicable,,not_applicable,,not_applicable,,not_applicable
module,psychencode:pvalb,BrainSCOPE Pvalb,chr_transition_prevention,CHR / transition prevention,population_or_stage,0.755576,2,partial,0.65,2,5,,intervention_readiness_score | directionality_confidence | subgroup_resolution_score,0.81159,2,True,0,none,0.482635,available,0.989526,available,,not_applicable,,not_applicable,,not_applicable,,not_applicable
module,psychencode:l6_ct,BrainSCOPE L6.CT,chr_transition_prevention,CHR / transition prevention,population_or_stage,0.754664,3,partial,0.65,2,5,,intervention_readiness_score | directionality_confidence | subgroup_resolution_score,0.810485,3,True,0,none,0.482307,available,0.988112,available,,not_applicable,,not_applicable,,not_applicable,,not_applicable
module,psychencode:opc,BrainSCOPE OPC,chr_transition_prevention,CHR / transition prevention,population_or_stage,0.749142,4,partial,0.65,2,5,,intervention_readiness_score | directionality_confidence | subgroup_resolution_score,0.803263,4,True,0,none,0.482488,available,0.977702,available,,not_applicable,,not_applicable,,not_applicable,,not_applicable
module,psychencode:l4_it,BrainSCOPE L4.IT,chr_transition_prevention,CHR / transition prevention,population_or_stage,0.741807,5,partial,0.65,2,5,,intervention_readiness_score | directionality_confidence | subgroup_resolution_score,0.793762,5,True,0,none,0.482344,available,0.964203,available,,not_applicable,,not_applicable,,not_applicable,,not_applicable
module,psychencode:l6_it,BrainSCOPE L6.IT,chr_transition_prevention,CHR / transition prevention,population_or_stage,0.741331,6,partial,0.65,2,5,,intervention_readiness_score | directionality_confidence | subgroup_resolution_score,0.793124,6,True,0,none,0.482428,available,0.963248,available,,not_applicable,,not_applicable,,not_applicable,,not_applicable
module,psychencode:l6b,BrainSCOPE L6b,chr_transition_prevention,CHR / transition prevention,population_or_stage,0.725813,7,partial,0.65,2,5,,intervention_readiness_score | directionality_confidence | subgroup_resolution_score,0.772996,7,True,0,none,0.482242,available,0.934588,available,,not_applicable,,not_applicable,,not_applicable,,not_applicable
module,psychencode:lamp5,BrainSCOPE Lamp5,chr_transition_prevention,CHR / transition prevention,population_or_stage,0.723269,8,partial,0.65,2,5,,intervention_readiness_score | directionality_confidence | subgroup_resolution_score,0.769624,8,True,0,none,0.482506,available,0.929638,available,,not_applicable,,not_applicable,,not_applicable,,not_applicable
module,psychencode:l5_it,BrainSCOPE L5.IT,chr_transition_prevention,CHR / transition prevention,population_or_stage,0.712501,9,partial,0.65,2,5,,intervention_readiness_score | directionality_confidence | subgroup_resolution_score,0.755653,9,True,0,none,0.482392,available,0.909737,available,,not_applicable,,not_applicable,,not_applicable,,not_applicable
module,psychencode:l5_6_np,BrainSCOPE L5.6.NP,chr_transition_prevention,CHR / transition prevention,population_or_stage,0.704465,10,partial,0.65,2,5,,intervention_readiness_score | directionality_confidence | subgroup_resolution_score,0.745232,10,True,0,none,0.482291,available,0.8949,available,,not_applicable,,not_applicable,,not_applicable,,not_applicable
module,psychencode:l6_it_car3,BrainSCOPE L6.IT.Car3,chr_transition_prevention,CHR / transition prevention,population_or_stage,0.6953,11,partial,0.65,2,5,,intervention_readiness_score | directionality_confidence | subgroup_resolution_score,0.733303,11,True,0,none,0.48235,available,0.877829,available,,not_applicable,,not_applicable,,not_applicable,,not_applicable
module,psychencode:lamp5_lhx6,BrainSCOPE Lamp5.Lhx6,chr_transition_prevention,CHR / transition prevention,population_or_stage,0.687499,12,partial,0.65,2,5,,intervention_readiness_score | directionality_confidence | subgroup_resolution_score,0.723106,12,True,0,none,0.482571,available,0.863152,available,,not_applicable,,not_applicable,,not_applicable,,not_applicable
module,psychencode:chandelier,BrainSCOPE Chandelier,chr_transition_prevention,CHR / transition prevention,population_or_stage,0.678091,13,partial,0.65,2,5,,intervention_readiness_score | directionality_confidence | subgroup_resolution_score,0.710868,13,True,0,none,0.482601,available,0.845654,available,,not_applicable,,not_applicable,,not_applicable,,not_applicable
module,psychencode:sst,BrainSCOPE Sst,chr_transition_prevention,CHR / transition prevention,population_or_stage,0.651006,14,partial,0.65,2,5,,intervention_readiness_score | directionality_confidence | subgroup_resolution_score,0.675669,14,True,0,none,0.482555,available,0.795393,available,,not_applicable,,not_applicable,,not_applicable,,not_applicable
module,psychencode:vip,BrainSCOPE Vip,chr_transition_prevention,CHR / transition prevention,population_or_stage,0.629678,15,partial,0.65,2,5,,intervention_readiness_score | directionality_confidence | subgroup_resolution_score,0.647954,15,True,0,none,0.482508,available,0.755823,available,,not_applicable,,not_applicable,,not_applicable,,not_applicable
module,psychencode:sncg,BrainSCOPE Sncg,chr_transition_prevention,CHR / transition prevention,population_or_stage,0.557274,16,partial,0.65,2,5,,intervention_readiness_score | directionality_confidence | subgroup_resolution_score,0.553842,16,True,0,none,0.482457,available,0.621403,available,,not_applicable,,not_applicable,,not_applicable,,not_applicable
module,psychencode:l2_3_it,BrainSCOPE L2.3.IT,functioning_durable_recovery_relevance,Functioning / durable recovery relevance,cross_cutting_outcome,0.842172,1,partial,0.5,2,6,,intervention_readiness_score | failure_burden_score | directionality_confidence | subgroup_resolution_score,0.816286,1,True,0,none,0.482303,available,0.996401,available,,not_applicable,,not_applicable,,not_applicable,,not_applicable
module,psychencode:pvalb,BrainSCOPE Pvalb,functioning_durable_recovery_relevance,Functioning / durable recovery relevance,cross_cutting_outcome,0.837459,2,partial,0.5,2,6,,intervention_readiness_score | failure_burden_score | directionality_confidence | subgroup_resolution_score,0.81159,2,True,0,none,0.482635,available,0.989526,available,,not_applicable,,not_applicable,,not_applicable,,not_applicable
module,psychencode:l6_ct,BrainSCOPE L6.CT,functioning_durable_recovery_relevance,Functioning / durable recovery relevance,cross_cutting_outcome,0.83637,3,partial,0.5,2,6,,intervention_readiness_score | failure_burden_score | directionality_confidence | subgroup_resolution_score,0.810485,3,True,0,none,0.482307,available,0.988112,available,,not_applicable,,not_applicable,,not_applicable,,not_applicable
module,psychencode:opc,BrainSCOPE OPC,functioning_durable_recovery_relevance,Functioning / durable recovery relevance,cross_cutting_outcome,0.829138,4,partial,0.5,2,6,,intervention_readiness_score | failure_burden_score | directionality_confidence | subgroup_resolution_score,0.803263,4,True,0,none,0.482488,available,0.977702,available,,not_applicable,,not_applicable,,not_applicable,,not_applicable
module,psychencode:l4_it,BrainSCOPE L4.IT,functioning_durable_recovery_relevance,Functioning / durable recovery relevance,cross_cutting_outcome,0.819645,5,partial,0.5,2,6,,intervention_readiness_score | failure_burden_score | directionality_confidence | subgroup_resolution_score,0.793762,5,True,0,none,0.482344,available,0.964203,available,,not_applicable,,not_applicable,,not_applicable,,not_applicable
module,psychencode:l6_it,BrainSCOPE L6.IT,functioning_durable_recovery_relevance,Functioning / durable recovery relevance,cross_cutting_outcome,0.819002,6,partial,0.5,2,6,,intervention_readiness_score | failure_burden_score | directionality_confidence | subgroup_resolution_score,0.793124,6,True,0,none,0.482428,available,0.963248,available,,not_applicable,,not_applicable,,not_applicable,,not_applicable
module,psychencode:l6b,BrainSCOPE L6b,functioning_durable_recovery_relevance,Functioning / durable recovery relevance,cross_cutting_outcome,0.798884,7,partial,0.5,2,6,,intervention_readiness_score | failure_burden_score | directionality_confidence | subgroup_resolution_score,0.772996,7,True,0,none,0.482242,available,0.934588,available,,not_applicable,,not_applicable,,not_applicable,,not_applicable
module,psychencode:lamp5,BrainSCOPE Lamp5,functioning_durable_recovery_relevance,Functioning / durable recovery relevance,cross_cutting_outcome,0.795498,8,partial,0.5,2,6,,intervention_readiness_score | failure_burden_score | directionality_confidence | subgroup_resolution_score,0.769624,8,True,0,none,0.482506,available,0.929638,available,,not_applicable,,not_applicable,,not_applicable,,not_applicable
module,psychencode:l5_it,BrainSCOPE L5.IT,functioning_durable_recovery_relevance,Functioning / durable recovery relevance,cross_cutting_outcome,0.781533,9,partial,0.5,2,6,,intervention_readiness_score | failure_burden_score | directionality_confidence | subgroup_resolution_score,0.755653,9,True,0,none,0.482392,available,0.909737,available,,not_applicable,,not_applicable,,not_applicable,,not_applicable
module,psychencode:l5_6_np,BrainSCOPE L5.6.NP,functioning_durable_recovery_relevance,Functioning / durable recovery relevance,cross_cutting_outcome,0.771117,10,partial,0.5,2,6,,intervention_readiness_score | failure_burden_score | directionality_confidence | subgroup_resolution_score,0.745232,10,True,0,none,0.482291,available,0.8949,available,,not_applicable,,not_applicable,,not_applicable,,not_applicable
module,psychencode:l6_it_car3,BrainSCOPE L6.IT.Car3,functioning_durable_recovery_relevance,Functioning / durable recovery relevance,cross_cutting_outcome,0.759185,11,partial,0.5,2,6,,intervention_readiness_score | failure_burden_score | directionality_confidence | subgroup_resolution_score,0.733303,11,True,0,none,0.48235,available,0.877829,available,,not_applicable,,not_applicable,,not_applicable,,not_applicable
module,psychencode:lamp5_lhx6,BrainSCOPE Lamp5.Lhx6,functioning_durable_recovery_relevance,Functioning / durable recovery relevance,cross_cutting_outcome,0.748978,12,partial,0.5,2,6,,intervention_readiness_score | failure_burden_score | directionality_confidence | subgroup_resolution_score,0.723106,12,True,0,none,0.482571,available,0.863152,available,,not_applicable,,not_applicable,,not_applicable,,not_applicable
module,psychencode:chandelier,BrainSCOPE Chandelier,functioning_durable_recovery_relevance,Functioning / durable recovery relevance,cross_cutting_outcome,0.736738,13,partial,0.5,2,6,,intervention_readiness_score | failure_burden_score | directionality_confidence | subgroup_resolution_score,0.710868,13,True,0,none,0.482601,available,0.845654,available,,not_applicable,,not_applicable,,not_applicable,,not_applicable
module,psychencode:sst,BrainSCOPE Sst,functioning_durable_recovery_relevance,Functioning / durable recovery relevance,cross_cutting_outcome,0.701542,14,partial,0.5,2,6,,intervention_readiness_score | failure_burden_score | directionality_confidence | subgroup_resolution_score,0.675669,14,True,0,none,0.482555,available,0.795393,available,,not_applicable,,not_applicable,,not_applicable,,not_applicable
module,psychencode:vip,BrainSCOPE Vip,functioning_durable_recovery_relevance,Functioning / durable recovery relevance,cross_cutting_outcome,0.673828,15,partial,0.5,2,6,,intervention_readiness_score | failure_burden_score | directionality_confidence | subgroup_resolution_score,0.647954,15,True,0,none,0.482508,available,0.755823,available,,not_applicable,,not_applicable,,not_applicable,,not_applicable
module,psychencode:sncg,BrainSCOPE Sncg,functioning_durable_recovery_relevance,Functioning / durable recovery relevance,cross_cutting_outcome,0.579719,16,partial,0.5,2,6,,intervention_readiness_score | failure_burden_score | directionality_confidence | subgroup_resolution_score,0.553842,16,True,0,none,0.482457,available,0.621403,available,,not_applicable,,not_applicable,,not_applicable,,not_applicable
